"群","H","K","A","LHS","RHS","成立"
"Z₆（6元、可換）","{0}","{0}","{0}","1","1","成立"
"Z₆（6元、可換）","{0}","{0}","{1}","1","1","成立"
"Z₆（6元、可換）","{0}","{0}","{0,1}","2","2","成立"
"Z₆（6元、可換）","{0}","{0}","{2}","1","1","成立"
"Z₆（6元、可換）","{0}","{0}","{0,2}","2","2","成立"
"Z₆（6元、可換）","{0}","{0}","{1,2}","2","2","成立"
"Z₆（6元、可換）","{0}","{0}","{0,1,2}","3","3","成立"
"Z₆（6元、可換）","{0}","{0}","{3}","1","1","成立"
"Z₆（6元、可換）","{0}","{0}","{0,3}","2","2","成立"
"Z₆（6元、可換）","{0}","{0}","{1,3}","2","2","成立"
"Z₆（6元、可換）","{0}","{0}","{0,1,3}","3","3","成立"
"Z₆（6元、可換）","{0}","{0}","{2,3}","2","2","成立"
"Z₆（6元、可換）","{0}","{0}","{0,2,3}","3","3","成立"
"Z₆（6元、可換）","{0}","{0}","{1,2,3}","3","3","成立"
"Z₆（6元、可換）","{0}","{0}","{0,1,2,3}","4","4","成立"
"Z₆（6元、可換）","{0}","{0}","{4}","1","1","成立"
"Z₆（6元、可換）","{0}","{0}","{0,4}","2","2","成立"
"Z₆（6元、可換）","{0}","{0}","{1,4}","2","2","成立"
"Z₆（6元、可換）","{0}","{0}","{0,1,4}","3","3","成立"
"Z₆（6元、可換）","{0}","{0}","{2,4}","2","2","成立"
"Z₆（6元、可換）","{0}","{0}","{0,2,4}","3","3","成立"
"Z₆（6元、可換）","{0}","{0}","{1,2,4}","3","3","成立"
"Z₆（6元、可換）","{0}","{0}","{0,1,2,4}","4","4","成立"
"Z₆（6元、可換）","{0}","{0}","{3,4}","2","2","成立"
"Z₆（6元、可換）","{0}","{0}","{0,3,4}","3","3","成立"
"Z₆（6元、可換）","{0}","{0}","{1,3,4}","3","3","成立"
"Z₆（6元、可換）","{0}","{0}","{0,1,3,4}","4","4","成立"
"Z₆（6元、可換）","{0}","{0}","{2,3,4}","3","3","成立"
"Z₆（6元、可換）","{0}","{0}","{0,2,3,4}","4","4","成立"
"Z₆（6元、可換）","{0}","{0}","{1,2,3,4}","4","4","成立"
"Z₆（6元、可換）","{0}","{0}","{0,1,2,3,4}","5","5","成立"
"Z₆（6元、可換）","{0}","{0}","{5}","1","1","成立"
"Z₆（6元、可換）","{0}","{0}","{0,5}","2","2","成立"
"Z₆（6元、可換）","{0}","{0}","{1,5}","2","2","成立"
"Z₆（6元、可換）","{0}","{0}","{0,1,5}","3","3","成立"
"Z₆（6元、可換）","{0}","{0}","{2,5}","2","2","成立"
"Z₆（6元、可換）","{0}","{0}","{0,2,5}","3","3","成立"
"Z₆（6元、可換）","{0}","{0}","{1,2,5}","3","3","成立"
"Z₆（6元、可換）","{0}","{0}","{0,1,2,5}","4","4","成立"
"Z₆（6元、可換）","{0}","{0}","{3,5}","2","2","成立"
"Z₆（6元、可換）","{0}","{0}","{0,3,5}","3","3","成立"
"Z₆（6元、可換）","{0}","{0}","{1,3,5}","3","3","成立"
"Z₆（6元、可換）","{0}","{0}","{0,1,3,5}","4","4","成立"
"Z₆（6元、可換）","{0}","{0}","{2,3,5}","3","3","成立"
"Z₆（6元、可換）","{0}","{0}","{0,2,3,5}","4","4","成立"
"Z₆（6元、可換）","{0}","{0}","{1,2,3,5}","4","4","成立"
"Z₆（6元、可換）","{0}","{0}","{0,1,2,3,5}","5","5","成立"
"Z₆（6元、可換）","{0}","{0}","{4,5}","2","2","成立"
"Z₆（6元、可換）","{0}","{0}","{0,4,5}","3","3","成立"
"Z₆（6元、可換）","{0}","{0}","{1,4,5}","3","3","成立"
"Z₆（6元、可換）","{0}","{0}","{0,1,4,5}","4","4","成立"
"Z₆（6元、可換）","{0}","{0}","{2,4,5}","3","3","成立"
"Z₆（6元、可換）","{0}","{0}","{0,2,4,5}","4","4","成立"
"Z₆（6元、可換）","{0}","{0}","{1,2,4,5}","4","4","成立"
"Z₆（6元、可換）","{0}","{0}","{0,1,2,4,5}","5","5","成立"
"Z₆（6元、可換）","{0}","{0}","{3,4,5}","3","3","成立"
"Z₆（6元、可換）","{0}","{0}","{0,3,4,5}","4","4","成立"
"Z₆（6元、可換）","{0}","{0}","{1,3,4,5}","4","4","成立"
"Z₆（6元、可換）","{0}","{0}","{0,1,3,4,5}","5","5","成立"
"Z₆（6元、可換）","{0}","{0}","{2,3,4,5}","4","4","成立"
"Z₆（6元、可換）","{0}","{0}","{0,2,3,4,5}","5","5","成立"
"Z₆（6元、可換）","{0}","{0}","{1,2,3,4,5}","5","5","成立"
"Z₆（6元、可換）","{0}","{0}","{0,1,2,3,4,5}","6","6","成立"
"Z₆（6元、可換）","{0}","{0,3}","{0}","2","2","成立"
"Z₆（6元、可換）","{0}","{0,3}","{1}","2","2","成立"
"Z₆（6元、可換）","{0}","{0,3}","{0,1}","4","4","成立"
"Z₆（6元、可換）","{0}","{0,3}","{2}","2","2","成立"
"Z₆（6元、可換）","{0}","{0,3}","{0,2}","4","4","成立"
"Z₆（6元、可換）","{0}","{0,3}","{1,2}","4","4","成立"
"Z₆（6元、可換）","{0}","{0,3}","{0,1,2}","6","6","成立"
"Z₆（6元、可換）","{0}","{0,3}","{3}","2","2","成立"
"Z₆（6元、可換）","{0}","{0,3}","{0,3}","4","4","成立"
"Z₆（6元、可換）","{0}","{0,3}","{1,3}","4","4","成立"
"Z₆（6元、可換）","{0}","{0,3}","{0,1,3}","6","6","成立"
"Z₆（6元、可換）","{0}","{0,3}","{2,3}","4","4","成立"
"Z₆（6元、可換）","{0}","{0,3}","{0,2,3}","6","6","成立"
"Z₆（6元、可換）","{0}","{0,3}","{1,2,3}","6","6","成立"
"Z₆（6元、可換）","{0}","{0,3}","{0,1,2,3}","8","8","成立"
"Z₆（6元、可換）","{0}","{0,3}","{4}","2","2","成立"
"Z₆（6元、可換）","{0}","{0,3}","{0,4}","4","4","成立"
"Z₆（6元、可換）","{0}","{0,3}","{1,4}","4","4","成立"
"Z₆（6元、可換）","{0}","{0,3}","{0,1,4}","6","6","成立"
"Z₆（6元、可換）","{0}","{0,3}","{2,4}","4","4","成立"
"Z₆（6元、可換）","{0}","{0,3}","{0,2,4}","6","6","成立"
"Z₆（6元、可換）","{0}","{0,3}","{1,2,4}","6","6","成立"
"Z₆（6元、可換）","{0}","{0,3}","{0,1,2,4}","8","8","成立"
"Z₆（6元、可換）","{0}","{0,3}","{3,4}","4","4","成立"
"Z₆（6元、可換）","{0}","{0,3}","{0,3,4}","6","6","成立"
"Z₆（6元、可換）","{0}","{0,3}","{1,3,4}","6","6","成立"
"Z₆（6元、可換）","{0}","{0,3}","{0,1,3,4}","8","8","成立"
"Z₆（6元、可換）","{0}","{0,3}","{2,3,4}","6","6","成立"
"Z₆（6元、可換）","{0}","{0,3}","{0,2,3,4}","8","8","成立"
"Z₆（6元、可換）","{0}","{0,3}","{1,2,3,4}","8","8","成立"
"Z₆（6元、可換）","{0}","{0,3}","{0,1,2,3,4}","10","10","成立"
"Z₆（6元、可換）","{0}","{0,3}","{5}","2","2","成立"
"Z₆（6元、可換）","{0}","{0,3}","{0,5}","4","4","成立"
"Z₆（6元、可換）","{0}","{0,3}","{1,5}","4","4","成立"
"Z₆（6元、可換）","{0}","{0,3}","{0,1,5}","6","6","成立"
"Z₆（6元、可換）","{0}","{0,3}","{2,5}","4","4","成立"
"Z₆（6元、可換）","{0}","{0,3}","{0,2,5}","6","6","成立"
"Z₆（6元、可換）","{0}","{0,3}","{1,2,5}","6","6","成立"
"Z₆（6元、可換）","{0}","{0,3}","{0,1,2,5}","8","8","成立"
"Z₆（6元、可換）","{0}","{0,3}","{3,5}","4","4","成立"
"Z₆（6元、可換）","{0}","{0,3}","{0,3,5}","6","6","成立"
"Z₆（6元、可換）","{0}","{0,3}","{1,3,5}","6","6","成立"
"Z₆（6元、可換）","{0}","{0,3}","{0,1,3,5}","8","8","成立"
"Z₆（6元、可換）","{0}","{0,3}","{2,3,5}","6","6","成立"
"Z₆（6元、可換）","{0}","{0,3}","{0,2,3,5}","8","8","成立"
"Z₆（6元、可換）","{0}","{0,3}","{1,2,3,5}","8","8","成立"
"Z₆（6元、可換）","{0}","{0,3}","{0,1,2,3,5}","10","10","成立"
"Z₆（6元、可換）","{0}","{0,3}","{4,5}","4","4","成立"
"Z₆（6元、可換）","{0}","{0,3}","{0,4,5}","6","6","成立"
"Z₆（6元、可換）","{0}","{0,3}","{1,4,5}","6","6","成立"
"Z₆（6元、可換）","{0}","{0,3}","{0,1,4,5}","8","8","成立"
"Z₆（6元、可換）","{0}","{0,3}","{2,4,5}","6","6","成立"
"Z₆（6元、可換）","{0}","{0,3}","{0,2,4,5}","8","8","成立"
"Z₆（6元、可換）","{0}","{0,3}","{1,2,4,5}","8","8","成立"
"Z₆（6元、可換）","{0}","{0,3}","{0,1,2,4,5}","10","10","成立"
"Z₆（6元、可換）","{0}","{0,3}","{3,4,5}","6","6","成立"
"Z₆（6元、可換）","{0}","{0,3}","{0,3,4,5}","8","8","成立"
"Z₆（6元、可換）","{0}","{0,3}","{1,3,4,5}","8","8","成立"
"Z₆（6元、可換）","{0}","{0,3}","{0,1,3,4,5}","10","10","成立"
"Z₆（6元、可換）","{0}","{0,3}","{2,3,4,5}","8","8","成立"
"Z₆（6元、可換）","{0}","{0,3}","{0,2,3,4,5}","10","10","成立"
"Z₆（6元、可換）","{0}","{0,3}","{1,2,3,4,5}","10","10","成立"
"Z₆（6元、可換）","{0}","{0,3}","{0,1,2,3,4,5}","12","12","成立"
"Z₆（6元、可換）","{0}","{0,2,4}","{0}","3","3","成立"
"Z₆（6元、可換）","{0}","{0,2,4}","{1}","3","3","成立"
"Z₆（6元、可換）","{0}","{0,2,4}","{0,1}","6","6","成立"
"Z₆（6元、可換）","{0}","{0,2,4}","{2}","3","3","成立"
"Z₆（6元、可換）","{0}","{0,2,4}","{0,2}","6","6","成立"
"Z₆（6元、可換）","{0}","{0,2,4}","{1,2}","6","6","成立"
"Z₆（6元、可換）","{0}","{0,2,4}","{0,1,2}","9","9","成立"
"Z₆（6元、可換）","{0}","{0,2,4}","{3}","3","3","成立"
"Z₆（6元、可換）","{0}","{0,2,4}","{0,3}","6","6","成立"
"Z₆（6元、可換）","{0}","{0,2,4}","{1,3}","6","6","成立"
"Z₆（6元、可換）","{0}","{0,2,4}","{0,1,3}","9","9","成立"
"Z₆（6元、可換）","{0}","{0,2,4}","{2,3}","6","6","成立"
"Z₆（6元、可換）","{0}","{0,2,4}","{0,2,3}","9","9","成立"
"Z₆（6元、可換）","{0}","{0,2,4}","{1,2,3}","9","9","成立"
"Z₆（6元、可換）","{0}","{0,2,4}","{0,1,2,3}","12","12","成立"
"Z₆（6元、可換）","{0}","{0,2,4}","{4}","3","3","成立"
"Z₆（6元、可換）","{0}","{0,2,4}","{0,4}","6","6","成立"
"Z₆（6元、可換）","{0}","{0,2,4}","{1,4}","6","6","成立"
"Z₆（6元、可換）","{0}","{0,2,4}","{0,1,4}","9","9","成立"
"Z₆（6元、可換）","{0}","{0,2,4}","{2,4}","6","6","成立"
"Z₆（6元、可換）","{0}","{0,2,4}","{0,2,4}","9","9","成立"
"Z₆（6元、可換）","{0}","{0,2,4}","{1,2,4}","9","9","成立"
"Z₆（6元、可換）","{0}","{0,2,4}","{0,1,2,4}","12","12","成立"
"Z₆（6元、可換）","{0}","{0,2,4}","{3,4}","6","6","成立"
"Z₆（6元、可換）","{0}","{0,2,4}","{0,3,4}","9","9","成立"
"Z₆（6元、可換）","{0}","{0,2,4}","{1,3,4}","9","9","成立"
"Z₆（6元、可換）","{0}","{0,2,4}","{0,1,3,4}","12","12","成立"
"Z₆（6元、可換）","{0}","{0,2,4}","{2,3,4}","9","9","成立"
"Z₆（6元、可換）","{0}","{0,2,4}","{0,2,3,4}","12","12","成立"
"Z₆（6元、可換）","{0}","{0,2,4}","{1,2,3,4}","12","12","成立"
"Z₆（6元、可換）","{0}","{0,2,4}","{0,1,2,3,4}","15","15","成立"
"Z₆（6元、可換）","{0}","{0,2,4}","{5}","3","3","成立"
"Z₆（6元、可換）","{0}","{0,2,4}","{0,5}","6","6","成立"
"Z₆（6元、可換）","{0}","{0,2,4}","{1,5}","6","6","成立"
"Z₆（6元、可換）","{0}","{0,2,4}","{0,1,5}","9","9","成立"
"Z₆（6元、可換）","{0}","{0,2,4}","{2,5}","6","6","成立"
"Z₆（6元、可換）","{0}","{0,2,4}","{0,2,5}","9","9","成立"
"Z₆（6元、可換）","{0}","{0,2,4}","{1,2,5}","9","9","成立"
"Z₆（6元、可換）","{0}","{0,2,4}","{0,1,2,5}","12","12","成立"
"Z₆（6元、可換）","{0}","{0,2,4}","{3,5}","6","6","成立"
"Z₆（6元、可換）","{0}","{0,2,4}","{0,3,5}","9","9","成立"
"Z₆（6元、可換）","{0}","{0,2,4}","{1,3,5}","9","9","成立"
"Z₆（6元、可換）","{0}","{0,2,4}","{0,1,3,5}","12","12","成立"
"Z₆（6元、可換）","{0}","{0,2,4}","{2,3,5}","9","9","成立"
"Z₆（6元、可換）","{0}","{0,2,4}","{0,2,3,5}","12","12","成立"
"Z₆（6元、可換）","{0}","{0,2,4}","{1,2,3,5}","12","12","成立"
"Z₆（6元、可換）","{0}","{0,2,4}","{0,1,2,3,5}","15","15","成立"
"Z₆（6元、可換）","{0}","{0,2,4}","{4,5}","6","6","成立"
"Z₆（6元、可換）","{0}","{0,2,4}","{0,4,5}","9","9","成立"
"Z₆（6元、可換）","{0}","{0,2,4}","{1,4,5}","9","9","成立"
"Z₆（6元、可換）","{0}","{0,2,4}","{0,1,4,5}","12","12","成立"
"Z₆（6元、可換）","{0}","{0,2,4}","{2,4,5}","9","9","成立"
"Z₆（6元、可換）","{0}","{0,2,4}","{0,2,4,5}","12","12","成立"
"Z₆（6元、可換）","{0}","{0,2,4}","{1,2,4,5}","12","12","成立"
"Z₆（6元、可換）","{0}","{0,2,4}","{0,1,2,4,5}","15","15","成立"
"Z₆（6元、可換）","{0}","{0,2,4}","{3,4,5}","9","9","成立"
"Z₆（6元、可換）","{0}","{0,2,4}","{0,3,4,5}","12","12","成立"
"Z₆（6元、可換）","{0}","{0,2,4}","{1,3,4,5}","12","12","成立"
"Z₆（6元、可換）","{0}","{0,2,4}","{0,1,3,4,5}","15","15","成立"
"Z₆（6元、可換）","{0}","{0,2,4}","{2,3,4,5}","12","12","成立"
"Z₆（6元、可換）","{0}","{0,2,4}","{0,2,3,4,5}","15","15","成立"
"Z₆（6元、可換）","{0}","{0,2,4}","{1,2,3,4,5}","15","15","成立"
"Z₆（6元、可換）","{0}","{0,2,4}","{0,1,2,3,4,5}","18","18","成立"
"Z₆（6元、可換）","{0}","{0,1,2,3,4,5}","{0}","6","6","成立"
"Z₆（6元、可換）","{0}","{0,1,2,3,4,5}","{1}","6","6","成立"
"Z₆（6元、可換）","{0}","{0,1,2,3,4,5}","{0,1}","12","12","成立"
"Z₆（6元、可換）","{0}","{0,1,2,3,4,5}","{2}","6","6","成立"
"Z₆（6元、可換）","{0}","{0,1,2,3,4,5}","{0,2}","12","12","成立"
"Z₆（6元、可換）","{0}","{0,1,2,3,4,5}","{1,2}","12","12","成立"
"Z₆（6元、可換）","{0}","{0,1,2,3,4,5}","{0,1,2}","18","18","成立"
"Z₆（6元、可換）","{0}","{0,1,2,3,4,5}","{3}","6","6","成立"
"Z₆（6元、可換）","{0}","{0,1,2,3,4,5}","{0,3}","12","12","成立"
"Z₆（6元、可換）","{0}","{0,1,2,3,4,5}","{1,3}","12","12","成立"
"Z₆（6元、可換）","{0}","{0,1,2,3,4,5}","{0,1,3}","18","18","成立"
"Z₆（6元、可換）","{0}","{0,1,2,3,4,5}","{2,3}","12","12","成立"
"Z₆（6元、可換）","{0}","{0,1,2,3,4,5}","{0,2,3}","18","18","成立"
"Z₆（6元、可換）","{0}","{0,1,2,3,4,5}","{1,2,3}","18","18","成立"
"Z₆（6元、可換）","{0}","{0,1,2,3,4,5}","{0,1,2,3}","24","24","成立"
"Z₆（6元、可換）","{0}","{0,1,2,3,4,5}","{4}","6","6","成立"
"Z₆（6元、可換）","{0}","{0,1,2,3,4,5}","{0,4}","12","12","成立"
"Z₆（6元、可換）","{0}","{0,1,2,3,4,5}","{1,4}","12","12","成立"
"Z₆（6元、可換）","{0}","{0,1,2,3,4,5}","{0,1,4}","18","18","成立"
"Z₆（6元、可換）","{0}","{0,1,2,3,4,5}","{2,4}","12","12","成立"
"Z₆（6元、可換）","{0}","{0,1,2,3,4,5}","{0,2,4}","18","18","成立"
"Z₆（6元、可換）","{0}","{0,1,2,3,4,5}","{1,2,4}","18","18","成立"
"Z₆（6元、可換）","{0}","{0,1,2,3,4,5}","{0,1,2,4}","24","24","成立"
"Z₆（6元、可換）","{0}","{0,1,2,3,4,5}","{3,4}","12","12","成立"
"Z₆（6元、可換）","{0}","{0,1,2,3,4,5}","{0,3,4}","18","18","成立"
"Z₆（6元、可換）","{0}","{0,1,2,3,4,5}","{1,3,4}","18","18","成立"
"Z₆（6元、可換）","{0}","{0,1,2,3,4,5}","{0,1,3,4}","24","24","成立"
"Z₆（6元、可換）","{0}","{0,1,2,3,4,5}","{2,3,4}","18","18","成立"
"Z₆（6元、可換）","{0}","{0,1,2,3,4,5}","{0,2,3,4}","24","24","成立"
"Z₆（6元、可換）","{0}","{0,1,2,3,4,5}","{1,2,3,4}","24","24","成立"
"Z₆（6元、可換）","{0}","{0,1,2,3,4,5}","{0,1,2,3,4}","30","30","成立"
"Z₆（6元、可換）","{0}","{0,1,2,3,4,5}","{5}","6","6","成立"
"Z₆（6元、可換）","{0}","{0,1,2,3,4,5}","{0,5}","12","12","成立"
"Z₆（6元、可換）","{0}","{0,1,2,3,4,5}","{1,5}","12","12","成立"
"Z₆（6元、可換）","{0}","{0,1,2,3,4,5}","{0,1,5}","18","18","成立"
"Z₆（6元、可換）","{0}","{0,1,2,3,4,5}","{2,5}","12","12","成立"
"Z₆（6元、可換）","{0}","{0,1,2,3,4,5}","{0,2,5}","18","18","成立"
"Z₆（6元、可換）","{0}","{0,1,2,3,4,5}","{1,2,5}","18","18","成立"
"Z₆（6元、可換）","{0}","{0,1,2,3,4,5}","{0,1,2,5}","24","24","成立"
"Z₆（6元、可換）","{0}","{0,1,2,3,4,5}","{3,5}","12","12","成立"
"Z₆（6元、可換）","{0}","{0,1,2,3,4,5}","{0,3,5}","18","18","成立"
"Z₆（6元、可換）","{0}","{0,1,2,3,4,5}","{1,3,5}","18","18","成立"
"Z₆（6元、可換）","{0}","{0,1,2,3,4,5}","{0,1,3,5}","24","24","成立"
"Z₆（6元、可換）","{0}","{0,1,2,3,4,5}","{2,3,5}","18","18","成立"
"Z₆（6元、可換）","{0}","{0,1,2,3,4,5}","{0,2,3,5}","24","24","成立"
"Z₆（6元、可換）","{0}","{0,1,2,3,4,5}","{1,2,3,5}","24","24","成立"
"Z₆（6元、可換）","{0}","{0,1,2,3,4,5}","{0,1,2,3,5}","30","30","成立"
"Z₆（6元、可換）","{0}","{0,1,2,3,4,5}","{4,5}","12","12","成立"
"Z₆（6元、可換）","{0}","{0,1,2,3,4,5}","{0,4,5}","18","18","成立"
"Z₆（6元、可換）","{0}","{0,1,2,3,4,5}","{1,4,5}","18","18","成立"
"Z₆（6元、可換）","{0}","{0,1,2,3,4,5}","{0,1,4,5}","24","24","成立"
"Z₆（6元、可換）","{0}","{0,1,2,3,4,5}","{2,4,5}","18","18","成立"
"Z₆（6元、可換）","{0}","{0,1,2,3,4,5}","{0,2,4,5}","24","24","成立"
"Z₆（6元、可換）","{0}","{0,1,2,3,4,5}","{1,2,4,5}","24","24","成立"
"Z₆（6元、可換）","{0}","{0,1,2,3,4,5}","{0,1,2,4,5}","30","30","成立"
"Z₆（6元、可換）","{0}","{0,1,2,3,4,5}","{3,4,5}","18","18","成立"
"Z₆（6元、可換）","{0}","{0,1,2,3,4,5}","{0,3,4,5}","24","24","成立"
"Z₆（6元、可換）","{0}","{0,1,2,3,4,5}","{1,3,4,5}","24","24","成立"
"Z₆（6元、可換）","{0}","{0,1,2,3,4,5}","{0,1,3,4,5}","30","30","成立"
"Z₆（6元、可換）","{0}","{0,1,2,3,4,5}","{2,3,4,5}","24","24","成立"
"Z₆（6元、可換）","{0}","{0,1,2,3,4,5}","{0,2,3,4,5}","30","30","成立"
"Z₆（6元、可換）","{0}","{0,1,2,3,4,5}","{1,2,3,4,5}","30","30","成立"
"Z₆（6元、可換）","{0}","{0,1,2,3,4,5}","{0,1,2,3,4,5}","36","36","成立"
"Z₆（6元、可換）","{0,3}","{0}","{0}","2","2","成立"
"Z₆（6元、可換）","{0,3}","{0}","{1}","2","2","成立"
"Z₆（6元、可換）","{0,3}","{0}","{0,1}","4","4","成立"
"Z₆（6元、可換）","{0,3}","{0}","{2}","2","2","成立"
"Z₆（6元、可換）","{0,3}","{0}","{0,2}","4","4","成立"
"Z₆（6元、可換）","{0,3}","{0}","{1,2}","4","4","成立"
"Z₆（6元、可換）","{0,3}","{0}","{0,1,2}","6","6","成立"
"Z₆（6元、可換）","{0,3}","{0}","{3}","2","2","成立"
"Z₆（6元、可換）","{0,3}","{0}","{0,3}","4","4","成立"
"Z₆（6元、可換）","{0,3}","{0}","{1,3}","4","4","成立"
"Z₆（6元、可換）","{0,3}","{0}","{0,1,3}","6","6","成立"
"Z₆（6元、可換）","{0,3}","{0}","{2,3}","4","4","成立"
"Z₆（6元、可換）","{0,3}","{0}","{0,2,3}","6","6","成立"
"Z₆（6元、可換）","{0,3}","{0}","{1,2,3}","6","6","成立"
"Z₆（6元、可換）","{0,3}","{0}","{0,1,2,3}","8","8","成立"
"Z₆（6元、可換）","{0,3}","{0}","{4}","2","2","成立"
"Z₆（6元、可換）","{0,3}","{0}","{0,4}","4","4","成立"
"Z₆（6元、可換）","{0,3}","{0}","{1,4}","4","4","成立"
"Z₆（6元、可換）","{0,3}","{0}","{0,1,4}","6","6","成立"
"Z₆（6元、可換）","{0,3}","{0}","{2,4}","4","4","成立"
"Z₆（6元、可換）","{0,3}","{0}","{0,2,4}","6","6","成立"
"Z₆（6元、可換）","{0,3}","{0}","{1,2,4}","6","6","成立"
"Z₆（6元、可換）","{0,3}","{0}","{0,1,2,4}","8","8","成立"
"Z₆（6元、可換）","{0,3}","{0}","{3,4}","4","4","成立"
"Z₆（6元、可換）","{0,3}","{0}","{0,3,4}","6","6","成立"
"Z₆（6元、可換）","{0,3}","{0}","{1,3,4}","6","6","成立"
"Z₆（6元、可換）","{0,3}","{0}","{0,1,3,4}","8","8","成立"
"Z₆（6元、可換）","{0,3}","{0}","{2,3,4}","6","6","成立"
"Z₆（6元、可換）","{0,3}","{0}","{0,2,3,4}","8","8","成立"
"Z₆（6元、可換）","{0,3}","{0}","{1,2,3,4}","8","8","成立"
"Z₆（6元、可換）","{0,3}","{0}","{0,1,2,3,4}","10","10","成立"
"Z₆（6元、可換）","{0,3}","{0}","{5}","2","2","成立"
"Z₆（6元、可換）","{0,3}","{0}","{0,5}","4","4","成立"
"Z₆（6元、可換）","{0,3}","{0}","{1,5}","4","4","成立"
"Z₆（6元、可換）","{0,3}","{0}","{0,1,5}","6","6","成立"
"Z₆（6元、可換）","{0,3}","{0}","{2,5}","4","4","成立"
"Z₆（6元、可換）","{0,3}","{0}","{0,2,5}","6","6","成立"
"Z₆（6元、可換）","{0,3}","{0}","{1,2,5}","6","6","成立"
"Z₆（6元、可換）","{0,3}","{0}","{0,1,2,5}","8","8","成立"
"Z₆（6元、可換）","{0,3}","{0}","{3,5}","4","4","成立"
"Z₆（6元、可換）","{0,3}","{0}","{0,3,5}","6","6","成立"
"Z₆（6元、可換）","{0,3}","{0}","{1,3,5}","6","6","成立"
"Z₆（6元、可換）","{0,3}","{0}","{0,1,3,5}","8","8","成立"
"Z₆（6元、可換）","{0,3}","{0}","{2,3,5}","6","6","成立"
"Z₆（6元、可換）","{0,3}","{0}","{0,2,3,5}","8","8","成立"
"Z₆（6元、可換）","{0,3}","{0}","{1,2,3,5}","8","8","成立"
"Z₆（6元、可換）","{0,3}","{0}","{0,1,2,3,5}","10","10","成立"
"Z₆（6元、可換）","{0,3}","{0}","{4,5}","4","4","成立"
"Z₆（6元、可換）","{0,3}","{0}","{0,4,5}","6","6","成立"
"Z₆（6元、可換）","{0,3}","{0}","{1,4,5}","6","6","成立"
"Z₆（6元、可換）","{0,3}","{0}","{0,1,4,5}","8","8","成立"
"Z₆（6元、可換）","{0,3}","{0}","{2,4,5}","6","6","成立"
"Z₆（6元、可換）","{0,3}","{0}","{0,2,4,5}","8","8","成立"
"Z₆（6元、可換）","{0,3}","{0}","{1,2,4,5}","8","8","成立"
"Z₆（6元、可換）","{0,3}","{0}","{0,1,2,4,5}","10","10","成立"
"Z₆（6元、可換）","{0,3}","{0}","{3,4,5}","6","6","成立"
"Z₆（6元、可換）","{0,3}","{0}","{0,3,4,5}","8","8","成立"
"Z₆（6元、可換）","{0,3}","{0}","{1,3,4,5}","8","8","成立"
"Z₆（6元、可換）","{0,3}","{0}","{0,1,3,4,5}","10","10","成立"
"Z₆（6元、可換）","{0,3}","{0}","{2,3,4,5}","8","8","成立"
"Z₆（6元、可換）","{0,3}","{0}","{0,2,3,4,5}","10","10","成立"
"Z₆（6元、可換）","{0,3}","{0}","{1,2,3,4,5}","10","10","成立"
"Z₆（6元、可換）","{0,3}","{0}","{0,1,2,3,4,5}","12","12","成立"
"Z₆（6元、可換）","{0,3}","{0,3}","{0}","4","4","成立"
"Z₆（6元、可換）","{0,3}","{0,3}","{1}","4","4","成立"
"Z₆（6元、可換）","{0,3}","{0,3}","{0,1}","8","8","成立"
"Z₆（6元、可換）","{0,3}","{0,3}","{2}","4","4","成立"
"Z₆（6元、可換）","{0,3}","{0,3}","{0,2}","8","8","成立"
"Z₆（6元、可換）","{0,3}","{0,3}","{1,2}","8","8","成立"
"Z₆（6元、可換）","{0,3}","{0,3}","{0,1,2}","12","12","成立"
"Z₆（6元、可換）","{0,3}","{0,3}","{3}","4","4","成立"
"Z₆（6元、可換）","{0,3}","{0,3}","{0,3}","8","8","成立"
"Z₆（6元、可換）","{0,3}","{0,3}","{1,3}","8","8","成立"
"Z₆（6元、可換）","{0,3}","{0,3}","{0,1,3}","12","12","成立"
"Z₆（6元、可換）","{0,3}","{0,3}","{2,3}","8","8","成立"
"Z₆（6元、可換）","{0,3}","{0,3}","{0,2,3}","12","12","成立"
"Z₆（6元、可換）","{0,3}","{0,3}","{1,2,3}","12","12","成立"
"Z₆（6元、可換）","{0,3}","{0,3}","{0,1,2,3}","16","16","成立"
"Z₆（6元、可換）","{0,3}","{0,3}","{4}","4","4","成立"
"Z₆（6元、可換）","{0,3}","{0,3}","{0,4}","8","8","成立"
"Z₆（6元、可換）","{0,3}","{0,3}","{1,4}","8","8","成立"
"Z₆（6元、可換）","{0,3}","{0,3}","{0,1,4}","12","12","成立"
"Z₆（6元、可換）","{0,3}","{0,3}","{2,4}","8","8","成立"
"Z₆（6元、可換）","{0,3}","{0,3}","{0,2,4}","12","12","成立"
"Z₆（6元、可換）","{0,3}","{0,3}","{1,2,4}","12","12","成立"
"Z₆（6元、可換）","{0,3}","{0,3}","{0,1,2,4}","16","16","成立"
"Z₆（6元、可換）","{0,3}","{0,3}","{3,4}","8","8","成立"
"Z₆（6元、可換）","{0,3}","{0,3}","{0,3,4}","12","12","成立"
"Z₆（6元、可換）","{0,3}","{0,3}","{1,3,4}","12","12","成立"
"Z₆（6元、可換）","{0,3}","{0,3}","{0,1,3,4}","16","16","成立"
"Z₆（6元、可換）","{0,3}","{0,3}","{2,3,4}","12","12","成立"
"Z₆（6元、可換）","{0,3}","{0,3}","{0,2,3,4}","16","16","成立"
"Z₆（6元、可換）","{0,3}","{0,3}","{1,2,3,4}","16","16","成立"
"Z₆（6元、可換）","{0,3}","{0,3}","{0,1,2,3,4}","20","20","成立"
"Z₆（6元、可換）","{0,3}","{0,3}","{5}","4","4","成立"
"Z₆（6元、可換）","{0,3}","{0,3}","{0,5}","8","8","成立"
"Z₆（6元、可換）","{0,3}","{0,3}","{1,5}","8","8","成立"
"Z₆（6元、可換）","{0,3}","{0,3}","{0,1,5}","12","12","成立"
"Z₆（6元、可換）","{0,3}","{0,3}","{2,5}","8","8","成立"
"Z₆（6元、可換）","{0,3}","{0,3}","{0,2,5}","12","12","成立"
"Z₆（6元、可換）","{0,3}","{0,3}","{1,2,5}","12","12","成立"
"Z₆（6元、可換）","{0,3}","{0,3}","{0,1,2,5}","16","16","成立"
"Z₆（6元、可換）","{0,3}","{0,3}","{3,5}","8","8","成立"
"Z₆（6元、可換）","{0,3}","{0,3}","{0,3,5}","12","12","成立"
"Z₆（6元、可換）","{0,3}","{0,3}","{1,3,5}","12","12","成立"
"Z₆（6元、可換）","{0,3}","{0,3}","{0,1,3,5}","16","16","成立"
"Z₆（6元、可換）","{0,3}","{0,3}","{2,3,5}","12","12","成立"
"Z₆（6元、可換）","{0,3}","{0,3}","{0,2,3,5}","16","16","成立"
"Z₆（6元、可換）","{0,3}","{0,3}","{1,2,3,5}","16","16","成立"
"Z₆（6元、可換）","{0,3}","{0,3}","{0,1,2,3,5}","20","20","成立"
"Z₆（6元、可換）","{0,3}","{0,3}","{4,5}","8","8","成立"
"Z₆（6元、可換）","{0,3}","{0,3}","{0,4,5}","12","12","成立"
"Z₆（6元、可換）","{0,3}","{0,3}","{1,4,5}","12","12","成立"
"Z₆（6元、可換）","{0,3}","{0,3}","{0,1,4,5}","16","16","成立"
"Z₆（6元、可換）","{0,3}","{0,3}","{2,4,5}","12","12","成立"
"Z₆（6元、可換）","{0,3}","{0,3}","{0,2,4,5}","16","16","成立"
"Z₆（6元、可換）","{0,3}","{0,3}","{1,2,4,5}","16","16","成立"
"Z₆（6元、可換）","{0,3}","{0,3}","{0,1,2,4,5}","20","20","成立"
"Z₆（6元、可換）","{0,3}","{0,3}","{3,4,5}","12","12","成立"
"Z₆（6元、可換）","{0,3}","{0,3}","{0,3,4,5}","16","16","成立"
"Z₆（6元、可換）","{0,3}","{0,3}","{1,3,4,5}","16","16","成立"
"Z₆（6元、可換）","{0,3}","{0,3}","{0,1,3,4,5}","20","20","成立"
"Z₆（6元、可換）","{0,3}","{0,3}","{2,3,4,5}","16","16","成立"
"Z₆（6元、可換）","{0,3}","{0,3}","{0,2,3,4,5}","20","20","成立"
"Z₆（6元、可換）","{0,3}","{0,3}","{1,2,3,4,5}","20","20","成立"
"Z₆（6元、可換）","{0,3}","{0,3}","{0,1,2,3,4,5}","24","24","成立"
"Z₆（6元、可換）","{0,3}","{0,2,4}","{0}","6","6","成立"
"Z₆（6元、可換）","{0,3}","{0,2,4}","{1}","6","6","成立"
"Z₆（6元、可換）","{0,3}","{0,2,4}","{0,1}","12","12","成立"
"Z₆（6元、可換）","{0,3}","{0,2,4}","{2}","6","6","成立"
"Z₆（6元、可換）","{0,3}","{0,2,4}","{0,2}","12","12","成立"
"Z₆（6元、可換）","{0,3}","{0,2,4}","{1,2}","12","12","成立"
"Z₆（6元、可換）","{0,3}","{0,2,4}","{0,1,2}","18","18","成立"
"Z₆（6元、可換）","{0,3}","{0,2,4}","{3}","6","6","成立"
"Z₆（6元、可換）","{0,3}","{0,2,4}","{0,3}","12","12","成立"
"Z₆（6元、可換）","{0,3}","{0,2,4}","{1,3}","12","12","成立"
"Z₆（6元、可換）","{0,3}","{0,2,4}","{0,1,3}","18","18","成立"
"Z₆（6元、可換）","{0,3}","{0,2,4}","{2,3}","12","12","成立"
"Z₆（6元、可換）","{0,3}","{0,2,4}","{0,2,3}","18","18","成立"
"Z₆（6元、可換）","{0,3}","{0,2,4}","{1,2,3}","18","18","成立"
"Z₆（6元、可換）","{0,3}","{0,2,4}","{0,1,2,3}","24","24","成立"
"Z₆（6元、可換）","{0,3}","{0,2,4}","{4}","6","6","成立"
"Z₆（6元、可換）","{0,3}","{0,2,4}","{0,4}","12","12","成立"
"Z₆（6元、可換）","{0,3}","{0,2,4}","{1,4}","12","12","成立"
"Z₆（6元、可換）","{0,3}","{0,2,4}","{0,1,4}","18","18","成立"
"Z₆（6元、可換）","{0,3}","{0,2,4}","{2,4}","12","12","成立"
"Z₆（6元、可換）","{0,3}","{0,2,4}","{0,2,4}","18","18","成立"
"Z₆（6元、可換）","{0,3}","{0,2,4}","{1,2,4}","18","18","成立"
"Z₆（6元、可換）","{0,3}","{0,2,4}","{0,1,2,4}","24","24","成立"
"Z₆（6元、可換）","{0,3}","{0,2,4}","{3,4}","12","12","成立"
"Z₆（6元、可換）","{0,3}","{0,2,4}","{0,3,4}","18","18","成立"
"Z₆（6元、可換）","{0,3}","{0,2,4}","{1,3,4}","18","18","成立"
"Z₆（6元、可換）","{0,3}","{0,2,4}","{0,1,3,4}","24","24","成立"
"Z₆（6元、可換）","{0,3}","{0,2,4}","{2,3,4}","18","18","成立"
"Z₆（6元、可換）","{0,3}","{0,2,4}","{0,2,3,4}","24","24","成立"
"Z₆（6元、可換）","{0,3}","{0,2,4}","{1,2,3,4}","24","24","成立"
"Z₆（6元、可換）","{0,3}","{0,2,4}","{0,1,2,3,4}","30","30","成立"
"Z₆（6元、可換）","{0,3}","{0,2,4}","{5}","6","6","成立"
"Z₆（6元、可換）","{0,3}","{0,2,4}","{0,5}","12","12","成立"
"Z₆（6元、可換）","{0,3}","{0,2,4}","{1,5}","12","12","成立"
"Z₆（6元、可換）","{0,3}","{0,2,4}","{0,1,5}","18","18","成立"
"Z₆（6元、可換）","{0,3}","{0,2,4}","{2,5}","12","12","成立"
"Z₆（6元、可換）","{0,3}","{0,2,4}","{0,2,5}","18","18","成立"
"Z₆（6元、可換）","{0,3}","{0,2,4}","{1,2,5}","18","18","成立"
"Z₆（6元、可換）","{0,3}","{0,2,4}","{0,1,2,5}","24","24","成立"
"Z₆（6元、可換）","{0,3}","{0,2,4}","{3,5}","12","12","成立"
"Z₆（6元、可換）","{0,3}","{0,2,4}","{0,3,5}","18","18","成立"
"Z₆（6元、可換）","{0,3}","{0,2,4}","{1,3,5}","18","18","成立"
"Z₆（6元、可換）","{0,3}","{0,2,4}","{0,1,3,5}","24","24","成立"
"Z₆（6元、可換）","{0,3}","{0,2,4}","{2,3,5}","18","18","成立"
"Z₆（6元、可換）","{0,3}","{0,2,4}","{0,2,3,5}","24","24","成立"
"Z₆（6元、可換）","{0,3}","{0,2,4}","{1,2,3,5}","24","24","成立"
"Z₆（6元、可換）","{0,3}","{0,2,4}","{0,1,2,3,5}","30","30","成立"
"Z₆（6元、可換）","{0,3}","{0,2,4}","{4,5}","12","12","成立"
"Z₆（6元、可換）","{0,3}","{0,2,4}","{0,4,5}","18","18","成立"
"Z₆（6元、可換）","{0,3}","{0,2,4}","{1,4,5}","18","18","成立"
"Z₆（6元、可換）","{0,3}","{0,2,4}","{0,1,4,5}","24","24","成立"
"Z₆（6元、可換）","{0,3}","{0,2,4}","{2,4,5}","18","18","成立"
"Z₆（6元、可換）","{0,3}","{0,2,4}","{0,2,4,5}","24","24","成立"
"Z₆（6元、可換）","{0,3}","{0,2,4}","{1,2,4,5}","24","24","成立"
"Z₆（6元、可換）","{0,3}","{0,2,4}","{0,1,2,4,5}","30","30","成立"
"Z₆（6元、可換）","{0,3}","{0,2,4}","{3,4,5}","18","18","成立"
"Z₆（6元、可換）","{0,3}","{0,2,4}","{0,3,4,5}","24","24","成立"
"Z₆（6元、可換）","{0,3}","{0,2,4}","{1,3,4,5}","24","24","成立"
"Z₆（6元、可換）","{0,3}","{0,2,4}","{0,1,3,4,5}","30","30","成立"
"Z₆（6元、可換）","{0,3}","{0,2,4}","{2,3,4,5}","24","24","成立"
"Z₆（6元、可換）","{0,3}","{0,2,4}","{0,2,3,4,5}","30","30","成立"
"Z₆（6元、可換）","{0,3}","{0,2,4}","{1,2,3,4,5}","30","30","成立"
"Z₆（6元、可換）","{0,3}","{0,2,4}","{0,1,2,3,4,5}","36","36","成立"
"Z₆（6元、可換）","{0,3}","{0,1,2,3,4,5}","{0}","12","12","成立"
"Z₆（6元、可換）","{0,3}","{0,1,2,3,4,5}","{1}","12","12","成立"
"Z₆（6元、可換）","{0,3}","{0,1,2,3,4,5}","{0,1}","24","24","成立"
"Z₆（6元、可換）","{0,3}","{0,1,2,3,4,5}","{2}","12","12","成立"
"Z₆（6元、可換）","{0,3}","{0,1,2,3,4,5}","{0,2}","24","24","成立"
"Z₆（6元、可換）","{0,3}","{0,1,2,3,4,5}","{1,2}","24","24","成立"
"Z₆（6元、可換）","{0,3}","{0,1,2,3,4,5}","{0,1,2}","36","36","成立"
"Z₆（6元、可換）","{0,3}","{0,1,2,3,4,5}","{3}","12","12","成立"
"Z₆（6元、可換）","{0,3}","{0,1,2,3,4,5}","{0,3}","24","24","成立"
"Z₆（6元、可換）","{0,3}","{0,1,2,3,4,5}","{1,3}","24","24","成立"
"Z₆（6元、可換）","{0,3}","{0,1,2,3,4,5}","{0,1,3}","36","36","成立"
"Z₆（6元、可換）","{0,3}","{0,1,2,3,4,5}","{2,3}","24","24","成立"
"Z₆（6元、可換）","{0,3}","{0,1,2,3,4,5}","{0,2,3}","36","36","成立"
"Z₆（6元、可換）","{0,3}","{0,1,2,3,4,5}","{1,2,3}","36","36","成立"
"Z₆（6元、可換）","{0,3}","{0,1,2,3,4,5}","{0,1,2,3}","48","48","成立"
"Z₆（6元、可換）","{0,3}","{0,1,2,3,4,5}","{4}","12","12","成立"
"Z₆（6元、可換）","{0,3}","{0,1,2,3,4,5}","{0,4}","24","24","成立"
"Z₆（6元、可換）","{0,3}","{0,1,2,3,4,5}","{1,4}","24","24","成立"
"Z₆（6元、可換）","{0,3}","{0,1,2,3,4,5}","{0,1,4}","36","36","成立"
"Z₆（6元、可換）","{0,3}","{0,1,2,3,4,5}","{2,4}","24","24","成立"
"Z₆（6元、可換）","{0,3}","{0,1,2,3,4,5}","{0,2,4}","36","36","成立"
"Z₆（6元、可換）","{0,3}","{0,1,2,3,4,5}","{1,2,4}","36","36","成立"
"Z₆（6元、可換）","{0,3}","{0,1,2,3,4,5}","{0,1,2,4}","48","48","成立"
"Z₆（6元、可換）","{0,3}","{0,1,2,3,4,5}","{3,4}","24","24","成立"
"Z₆（6元、可換）","{0,3}","{0,1,2,3,4,5}","{0,3,4}","36","36","成立"
"Z₆（6元、可換）","{0,3}","{0,1,2,3,4,5}","{1,3,4}","36","36","成立"
"Z₆（6元、可換）","{0,3}","{0,1,2,3,4,5}","{0,1,3,4}","48","48","成立"
"Z₆（6元、可換）","{0,3}","{0,1,2,3,4,5}","{2,3,4}","36","36","成立"
"Z₆（6元、可換）","{0,3}","{0,1,2,3,4,5}","{0,2,3,4}","48","48","成立"
"Z₆（6元、可換）","{0,3}","{0,1,2,3,4,5}","{1,2,3,4}","48","48","成立"
"Z₆（6元、可換）","{0,3}","{0,1,2,3,4,5}","{0,1,2,3,4}","60","60","成立"
"Z₆（6元、可換）","{0,3}","{0,1,2,3,4,5}","{5}","12","12","成立"
"Z₆（6元、可換）","{0,3}","{0,1,2,3,4,5}","{0,5}","24","24","成立"
"Z₆（6元、可換）","{0,3}","{0,1,2,3,4,5}","{1,5}","24","24","成立"
"Z₆（6元、可換）","{0,3}","{0,1,2,3,4,5}","{0,1,5}","36","36","成立"
"Z₆（6元、可換）","{0,3}","{0,1,2,3,4,5}","{2,5}","24","24","成立"
"Z₆（6元、可換）","{0,3}","{0,1,2,3,4,5}","{0,2,5}","36","36","成立"
"Z₆（6元、可換）","{0,3}","{0,1,2,3,4,5}","{1,2,5}","36","36","成立"
"Z₆（6元、可換）","{0,3}","{0,1,2,3,4,5}","{0,1,2,5}","48","48","成立"
"Z₆（6元、可換）","{0,3}","{0,1,2,3,4,5}","{3,5}","24","24","成立"
"Z₆（6元、可換）","{0,3}","{0,1,2,3,4,5}","{0,3,5}","36","36","成立"
"Z₆（6元、可換）","{0,3}","{0,1,2,3,4,5}","{1,3,5}","36","36","成立"
"Z₆（6元、可換）","{0,3}","{0,1,2,3,4,5}","{0,1,3,5}","48","48","成立"
"Z₆（6元、可換）","{0,3}","{0,1,2,3,4,5}","{2,3,5}","36","36","成立"
"Z₆（6元、可換）","{0,3}","{0,1,2,3,4,5}","{0,2,3,5}","48","48","成立"
"Z₆（6元、可換）","{0,3}","{0,1,2,3,4,5}","{1,2,3,5}","48","48","成立"
"Z₆（6元、可換）","{0,3}","{0,1,2,3,4,5}","{0,1,2,3,5}","60","60","成立"
"Z₆（6元、可換）","{0,3}","{0,1,2,3,4,5}","{4,5}","24","24","成立"
"Z₆（6元、可換）","{0,3}","{0,1,2,3,4,5}","{0,4,5}","36","36","成立"
"Z₆（6元、可換）","{0,3}","{0,1,2,3,4,5}","{1,4,5}","36","36","成立"
"Z₆（6元、可換）","{0,3}","{0,1,2,3,4,5}","{0,1,4,5}","48","48","成立"
"Z₆（6元、可換）","{0,3}","{0,1,2,3,4,5}","{2,4,5}","36","36","成立"
"Z₆（6元、可換）","{0,3}","{0,1,2,3,4,5}","{0,2,4,5}","48","48","成立"
"Z₆（6元、可換）","{0,3}","{0,1,2,3,4,5}","{1,2,4,5}","48","48","成立"
"Z₆（6元、可換）","{0,3}","{0,1,2,3,4,5}","{0,1,2,4,5}","60","60","成立"
"Z₆（6元、可換）","{0,3}","{0,1,2,3,4,5}","{3,4,5}","36","36","成立"
"Z₆（6元、可換）","{0,3}","{0,1,2,3,4,5}","{0,3,4,5}","48","48","成立"
"Z₆（6元、可換）","{0,3}","{0,1,2,3,4,5}","{1,3,4,5}","48","48","成立"
"Z₆（6元、可換）","{0,3}","{0,1,2,3,4,5}","{0,1,3,4,5}","60","60","成立"
"Z₆（6元、可換）","{0,3}","{0,1,2,3,4,5}","{2,3,4,5}","48","48","成立"
"Z₆（6元、可換）","{0,3}","{0,1,2,3,4,5}","{0,2,3,4,5}","60","60","成立"
"Z₆（6元、可換）","{0,3}","{0,1,2,3,4,5}","{1,2,3,4,5}","60","60","成立"
"Z₆（6元、可換）","{0,3}","{0,1,2,3,4,5}","{0,1,2,3,4,5}","72","72","成立"
"Z₆（6元、可換）","{0,2,4}","{0}","{0}","3","3","成立"
"Z₆（6元、可換）","{0,2,4}","{0}","{1}","3","3","成立"
"Z₆（6元、可換）","{0,2,4}","{0}","{0,1}","6","6","成立"
"Z₆（6元、可換）","{0,2,4}","{0}","{2}","3","3","成立"
"Z₆（6元、可換）","{0,2,4}","{0}","{0,2}","6","6","成立"
"Z₆（6元、可換）","{0,2,4}","{0}","{1,2}","6","6","成立"
"Z₆（6元、可換）","{0,2,4}","{0}","{0,1,2}","9","9","成立"
"Z₆（6元、可換）","{0,2,4}","{0}","{3}","3","3","成立"
"Z₆（6元、可換）","{0,2,4}","{0}","{0,3}","6","6","成立"
"Z₆（6元、可換）","{0,2,4}","{0}","{1,3}","6","6","成立"
"Z₆（6元、可換）","{0,2,4}","{0}","{0,1,3}","9","9","成立"
"Z₆（6元、可換）","{0,2,4}","{0}","{2,3}","6","6","成立"
"Z₆（6元、可換）","{0,2,4}","{0}","{0,2,3}","9","9","成立"
"Z₆（6元、可換）","{0,2,4}","{0}","{1,2,3}","9","9","成立"
"Z₆（6元、可換）","{0,2,4}","{0}","{0,1,2,3}","12","12","成立"
"Z₆（6元、可換）","{0,2,4}","{0}","{4}","3","3","成立"
"Z₆（6元、可換）","{0,2,4}","{0}","{0,4}","6","6","成立"
"Z₆（6元、可換）","{0,2,4}","{0}","{1,4}","6","6","成立"
"Z₆（6元、可換）","{0,2,4}","{0}","{0,1,4}","9","9","成立"
"Z₆（6元、可換）","{0,2,4}","{0}","{2,4}","6","6","成立"
"Z₆（6元、可換）","{0,2,4}","{0}","{0,2,4}","9","9","成立"
"Z₆（6元、可換）","{0,2,4}","{0}","{1,2,4}","9","9","成立"
"Z₆（6元、可換）","{0,2,4}","{0}","{0,1,2,4}","12","12","成立"
"Z₆（6元、可換）","{0,2,4}","{0}","{3,4}","6","6","成立"
"Z₆（6元、可換）","{0,2,4}","{0}","{0,3,4}","9","9","成立"
"Z₆（6元、可換）","{0,2,4}","{0}","{1,3,4}","9","9","成立"
"Z₆（6元、可換）","{0,2,4}","{0}","{0,1,3,4}","12","12","成立"
"Z₆（6元、可換）","{0,2,4}","{0}","{2,3,4}","9","9","成立"
"Z₆（6元、可換）","{0,2,4}","{0}","{0,2,3,4}","12","12","成立"
"Z₆（6元、可換）","{0,2,4}","{0}","{1,2,3,4}","12","12","成立"
"Z₆（6元、可換）","{0,2,4}","{0}","{0,1,2,3,4}","15","15","成立"
"Z₆（6元、可換）","{0,2,4}","{0}","{5}","3","3","成立"
"Z₆（6元、可換）","{0,2,4}","{0}","{0,5}","6","6","成立"
"Z₆（6元、可換）","{0,2,4}","{0}","{1,5}","6","6","成立"
"Z₆（6元、可換）","{0,2,4}","{0}","{0,1,5}","9","9","成立"
"Z₆（6元、可換）","{0,2,4}","{0}","{2,5}","6","6","成立"
"Z₆（6元、可換）","{0,2,4}","{0}","{0,2,5}","9","9","成立"
"Z₆（6元、可換）","{0,2,4}","{0}","{1,2,5}","9","9","成立"
"Z₆（6元、可換）","{0,2,4}","{0}","{0,1,2,5}","12","12","成立"
"Z₆（6元、可換）","{0,2,4}","{0}","{3,5}","6","6","成立"
"Z₆（6元、可換）","{0,2,4}","{0}","{0,3,5}","9","9","成立"
"Z₆（6元、可換）","{0,2,4}","{0}","{1,3,5}","9","9","成立"
"Z₆（6元、可換）","{0,2,4}","{0}","{0,1,3,5}","12","12","成立"
"Z₆（6元、可換）","{0,2,4}","{0}","{2,3,5}","9","9","成立"
"Z₆（6元、可換）","{0,2,4}","{0}","{0,2,3,5}","12","12","成立"
"Z₆（6元、可換）","{0,2,4}","{0}","{1,2,3,5}","12","12","成立"
"Z₆（6元、可換）","{0,2,4}","{0}","{0,1,2,3,5}","15","15","成立"
"Z₆（6元、可換）","{0,2,4}","{0}","{4,5}","6","6","成立"
"Z₆（6元、可換）","{0,2,4}","{0}","{0,4,5}","9","9","成立"
"Z₆（6元、可換）","{0,2,4}","{0}","{1,4,5}","9","9","成立"
"Z₆（6元、可換）","{0,2,4}","{0}","{0,1,4,5}","12","12","成立"
"Z₆（6元、可換）","{0,2,4}","{0}","{2,4,5}","9","9","成立"
"Z₆（6元、可換）","{0,2,4}","{0}","{0,2,4,5}","12","12","成立"
"Z₆（6元、可換）","{0,2,4}","{0}","{1,2,4,5}","12","12","成立"
"Z₆（6元、可換）","{0,2,4}","{0}","{0,1,2,4,5}","15","15","成立"
"Z₆（6元、可換）","{0,2,4}","{0}","{3,4,5}","9","9","成立"
"Z₆（6元、可換）","{0,2,4}","{0}","{0,3,4,5}","12","12","成立"
"Z₆（6元、可換）","{0,2,4}","{0}","{1,3,4,5}","12","12","成立"
"Z₆（6元、可換）","{0,2,4}","{0}","{0,1,3,4,5}","15","15","成立"
"Z₆（6元、可換）","{0,2,4}","{0}","{2,3,4,5}","12","12","成立"
"Z₆（6元、可換）","{0,2,4}","{0}","{0,2,3,4,5}","15","15","成立"
"Z₆（6元、可換）","{0,2,4}","{0}","{1,2,3,4,5}","15","15","成立"
"Z₆（6元、可換）","{0,2,4}","{0}","{0,1,2,3,4,5}","18","18","成立"
"Z₆（6元、可換）","{0,2,4}","{0,3}","{0}","6","6","成立"
"Z₆（6元、可換）","{0,2,4}","{0,3}","{1}","6","6","成立"
"Z₆（6元、可換）","{0,2,4}","{0,3}","{0,1}","12","12","成立"
"Z₆（6元、可換）","{0,2,4}","{0,3}","{2}","6","6","成立"
"Z₆（6元、可換）","{0,2,4}","{0,3}","{0,2}","12","12","成立"
"Z₆（6元、可換）","{0,2,4}","{0,3}","{1,2}","12","12","成立"
"Z₆（6元、可換）","{0,2,4}","{0,3}","{0,1,2}","18","18","成立"
"Z₆（6元、可換）","{0,2,4}","{0,3}","{3}","6","6","成立"
"Z₆（6元、可換）","{0,2,4}","{0,3}","{0,3}","12","12","成立"
"Z₆（6元、可換）","{0,2,4}","{0,3}","{1,3}","12","12","成立"
"Z₆（6元、可換）","{0,2,4}","{0,3}","{0,1,3}","18","18","成立"
"Z₆（6元、可換）","{0,2,4}","{0,3}","{2,3}","12","12","成立"
"Z₆（6元、可換）","{0,2,4}","{0,3}","{0,2,3}","18","18","成立"
"Z₆（6元、可換）","{0,2,4}","{0,3}","{1,2,3}","18","18","成立"
"Z₆（6元、可換）","{0,2,4}","{0,3}","{0,1,2,3}","24","24","成立"
"Z₆（6元、可換）","{0,2,4}","{0,3}","{4}","6","6","成立"
"Z₆（6元、可換）","{0,2,4}","{0,3}","{0,4}","12","12","成立"
"Z₆（6元、可換）","{0,2,4}","{0,3}","{1,4}","12","12","成立"
"Z₆（6元、可換）","{0,2,4}","{0,3}","{0,1,4}","18","18","成立"
"Z₆（6元、可換）","{0,2,4}","{0,3}","{2,4}","12","12","成立"
"Z₆（6元、可換）","{0,2,4}","{0,3}","{0,2,4}","18","18","成立"
"Z₆（6元、可換）","{0,2,4}","{0,3}","{1,2,4}","18","18","成立"
"Z₆（6元、可換）","{0,2,4}","{0,3}","{0,1,2,4}","24","24","成立"
"Z₆（6元、可換）","{0,2,4}","{0,3}","{3,4}","12","12","成立"
"Z₆（6元、可換）","{0,2,4}","{0,3}","{0,3,4}","18","18","成立"
"Z₆（6元、可換）","{0,2,4}","{0,3}","{1,3,4}","18","18","成立"
"Z₆（6元、可換）","{0,2,4}","{0,3}","{0,1,3,4}","24","24","成立"
"Z₆（6元、可換）","{0,2,4}","{0,3}","{2,3,4}","18","18","成立"
"Z₆（6元、可換）","{0,2,4}","{0,3}","{0,2,3,4}","24","24","成立"
"Z₆（6元、可換）","{0,2,4}","{0,3}","{1,2,3,4}","24","24","成立"
"Z₆（6元、可換）","{0,2,4}","{0,3}","{0,1,2,3,4}","30","30","成立"
"Z₆（6元、可換）","{0,2,4}","{0,3}","{5}","6","6","成立"
"Z₆（6元、可換）","{0,2,4}","{0,3}","{0,5}","12","12","成立"
"Z₆（6元、可換）","{0,2,4}","{0,3}","{1,5}","12","12","成立"
"Z₆（6元、可換）","{0,2,4}","{0,3}","{0,1,5}","18","18","成立"
"Z₆（6元、可換）","{0,2,4}","{0,3}","{2,5}","12","12","成立"
"Z₆（6元、可換）","{0,2,4}","{0,3}","{0,2,5}","18","18","成立"
"Z₆（6元、可換）","{0,2,4}","{0,3}","{1,2,5}","18","18","成立"
"Z₆（6元、可換）","{0,2,4}","{0,3}","{0,1,2,5}","24","24","成立"
"Z₆（6元、可換）","{0,2,4}","{0,3}","{3,5}","12","12","成立"
"Z₆（6元、可換）","{0,2,4}","{0,3}","{0,3,5}","18","18","成立"
"Z₆（6元、可換）","{0,2,4}","{0,3}","{1,3,5}","18","18","成立"
"Z₆（6元、可換）","{0,2,4}","{0,3}","{0,1,3,5}","24","24","成立"
"Z₆（6元、可換）","{0,2,4}","{0,3}","{2,3,5}","18","18","成立"
"Z₆（6元、可換）","{0,2,4}","{0,3}","{0,2,3,5}","24","24","成立"
"Z₆（6元、可換）","{0,2,4}","{0,3}","{1,2,3,5}","24","24","成立"
"Z₆（6元、可換）","{0,2,4}","{0,3}","{0,1,2,3,5}","30","30","成立"
"Z₆（6元、可換）","{0,2,4}","{0,3}","{4,5}","12","12","成立"
"Z₆（6元、可換）","{0,2,4}","{0,3}","{0,4,5}","18","18","成立"
"Z₆（6元、可換）","{0,2,4}","{0,3}","{1,4,5}","18","18","成立"
"Z₆（6元、可換）","{0,2,4}","{0,3}","{0,1,4,5}","24","24","成立"
"Z₆（6元、可換）","{0,2,4}","{0,3}","{2,4,5}","18","18","成立"
"Z₆（6元、可換）","{0,2,4}","{0,3}","{0,2,4,5}","24","24","成立"
"Z₆（6元、可換）","{0,2,4}","{0,3}","{1,2,4,5}","24","24","成立"
"Z₆（6元、可換）","{0,2,4}","{0,3}","{0,1,2,4,5}","30","30","成立"
"Z₆（6元、可換）","{0,2,4}","{0,3}","{3,4,5}","18","18","成立"
"Z₆（6元、可換）","{0,2,4}","{0,3}","{0,3,4,5}","24","24","成立"
"Z₆（6元、可換）","{0,2,4}","{0,3}","{1,3,4,5}","24","24","成立"
"Z₆（6元、可換）","{0,2,4}","{0,3}","{0,1,3,4,5}","30","30","成立"
"Z₆（6元、可換）","{0,2,4}","{0,3}","{2,3,4,5}","24","24","成立"
"Z₆（6元、可換）","{0,2,4}","{0,3}","{0,2,3,4,5}","30","30","成立"
"Z₆（6元、可換）","{0,2,4}","{0,3}","{1,2,3,4,5}","30","30","成立"
"Z₆（6元、可換）","{0,2,4}","{0,3}","{0,1,2,3,4,5}","36","36","成立"
"Z₆（6元、可換）","{0,2,4}","{0,2,4}","{0}","9","9","成立"
"Z₆（6元、可換）","{0,2,4}","{0,2,4}","{1}","9","9","成立"
"Z₆（6元、可換）","{0,2,4}","{0,2,4}","{0,1}","18","18","成立"
"Z₆（6元、可換）","{0,2,4}","{0,2,4}","{2}","9","9","成立"
"Z₆（6元、可換）","{0,2,4}","{0,2,4}","{0,2}","18","18","成立"
"Z₆（6元、可換）","{0,2,4}","{0,2,4}","{1,2}","18","18","成立"
"Z₆（6元、可換）","{0,2,4}","{0,2,4}","{0,1,2}","27","27","成立"
"Z₆（6元、可換）","{0,2,4}","{0,2,4}","{3}","9","9","成立"
"Z₆（6元、可換）","{0,2,4}","{0,2,4}","{0,3}","18","18","成立"
"Z₆（6元、可換）","{0,2,4}","{0,2,4}","{1,3}","18","18","成立"
"Z₆（6元、可換）","{0,2,4}","{0,2,4}","{0,1,3}","27","27","成立"
"Z₆（6元、可換）","{0,2,4}","{0,2,4}","{2,3}","18","18","成立"
"Z₆（6元、可換）","{0,2,4}","{0,2,4}","{0,2,3}","27","27","成立"
"Z₆（6元、可換）","{0,2,4}","{0,2,4}","{1,2,3}","27","27","成立"
"Z₆（6元、可換）","{0,2,4}","{0,2,4}","{0,1,2,3}","36","36","成立"
"Z₆（6元、可換）","{0,2,4}","{0,2,4}","{4}","9","9","成立"
"Z₆（6元、可換）","{0,2,4}","{0,2,4}","{0,4}","18","18","成立"
"Z₆（6元、可換）","{0,2,4}","{0,2,4}","{1,4}","18","18","成立"
"Z₆（6元、可換）","{0,2,4}","{0,2,4}","{0,1,4}","27","27","成立"
"Z₆（6元、可換）","{0,2,4}","{0,2,4}","{2,4}","18","18","成立"
"Z₆（6元、可換）","{0,2,4}","{0,2,4}","{0,2,4}","27","27","成立"
"Z₆（6元、可換）","{0,2,4}","{0,2,4}","{1,2,4}","27","27","成立"
"Z₆（6元、可換）","{0,2,4}","{0,2,4}","{0,1,2,4}","36","36","成立"
"Z₆（6元、可換）","{0,2,4}","{0,2,4}","{3,4}","18","18","成立"
"Z₆（6元、可換）","{0,2,4}","{0,2,4}","{0,3,4}","27","27","成立"
"Z₆（6元、可換）","{0,2,4}","{0,2,4}","{1,3,4}","27","27","成立"
"Z₆（6元、可換）","{0,2,4}","{0,2,4}","{0,1,3,4}","36","36","成立"
"Z₆（6元、可換）","{0,2,4}","{0,2,4}","{2,3,4}","27","27","成立"
"Z₆（6元、可換）","{0,2,4}","{0,2,4}","{0,2,3,4}","36","36","成立"
"Z₆（6元、可換）","{0,2,4}","{0,2,4}","{1,2,3,4}","36","36","成立"
"Z₆（6元、可換）","{0,2,4}","{0,2,4}","{0,1,2,3,4}","45","45","成立"
"Z₆（6元、可換）","{0,2,4}","{0,2,4}","{5}","9","9","成立"
"Z₆（6元、可換）","{0,2,4}","{0,2,4}","{0,5}","18","18","成立"
"Z₆（6元、可換）","{0,2,4}","{0,2,4}","{1,5}","18","18","成立"
"Z₆（6元、可換）","{0,2,4}","{0,2,4}","{0,1,5}","27","27","成立"
"Z₆（6元、可換）","{0,2,4}","{0,2,4}","{2,5}","18","18","成立"
"Z₆（6元、可換）","{0,2,4}","{0,2,4}","{0,2,5}","27","27","成立"
"Z₆（6元、可換）","{0,2,4}","{0,2,4}","{1,2,5}","27","27","成立"
"Z₆（6元、可換）","{0,2,4}","{0,2,4}","{0,1,2,5}","36","36","成立"
"Z₆（6元、可換）","{0,2,4}","{0,2,4}","{3,5}","18","18","成立"
"Z₆（6元、可換）","{0,2,4}","{0,2,4}","{0,3,5}","27","27","成立"
"Z₆（6元、可換）","{0,2,4}","{0,2,4}","{1,3,5}","27","27","成立"
"Z₆（6元、可換）","{0,2,4}","{0,2,4}","{0,1,3,5}","36","36","成立"
"Z₆（6元、可換）","{0,2,4}","{0,2,4}","{2,3,5}","27","27","成立"
"Z₆（6元、可換）","{0,2,4}","{0,2,4}","{0,2,3,5}","36","36","成立"
"Z₆（6元、可換）","{0,2,4}","{0,2,4}","{1,2,3,5}","36","36","成立"
"Z₆（6元、可換）","{0,2,4}","{0,2,4}","{0,1,2,3,5}","45","45","成立"
"Z₆（6元、可換）","{0,2,4}","{0,2,4}","{4,5}","18","18","成立"
"Z₆（6元、可換）","{0,2,4}","{0,2,4}","{0,4,5}","27","27","成立"
"Z₆（6元、可換）","{0,2,4}","{0,2,4}","{1,4,5}","27","27","成立"
"Z₆（6元、可換）","{0,2,4}","{0,2,4}","{0,1,4,5}","36","36","成立"
"Z₆（6元、可換）","{0,2,4}","{0,2,4}","{2,4,5}","27","27","成立"
"Z₆（6元、可換）","{0,2,4}","{0,2,4}","{0,2,4,5}","36","36","成立"
"Z₆（6元、可換）","{0,2,4}","{0,2,4}","{1,2,4,5}","36","36","成立"
"Z₆（6元、可換）","{0,2,4}","{0,2,4}","{0,1,2,4,5}","45","45","成立"
"Z₆（6元、可換）","{0,2,4}","{0,2,4}","{3,4,5}","27","27","成立"
"Z₆（6元、可換）","{0,2,4}","{0,2,4}","{0,3,4,5}","36","36","成立"
"Z₆（6元、可換）","{0,2,4}","{0,2,4}","{1,3,4,5}","36","36","成立"
"Z₆（6元、可換）","{0,2,4}","{0,2,4}","{0,1,3,4,5}","45","45","成立"
"Z₆（6元、可換）","{0,2,4}","{0,2,4}","{2,3,4,5}","36","36","成立"
"Z₆（6元、可換）","{0,2,4}","{0,2,4}","{0,2,3,4,5}","45","45","成立"
"Z₆（6元、可換）","{0,2,4}","{0,2,4}","{1,2,3,4,5}","45","45","成立"
"Z₆（6元、可換）","{0,2,4}","{0,2,4}","{0,1,2,3,4,5}","54","54","成立"
"Z₆（6元、可換）","{0,2,4}","{0,1,2,3,4,5}","{0}","18","18","成立"
"Z₆（6元、可換）","{0,2,4}","{0,1,2,3,4,5}","{1}","18","18","成立"
"Z₆（6元、可換）","{0,2,4}","{0,1,2,3,4,5}","{0,1}","36","36","成立"
"Z₆（6元、可換）","{0,2,4}","{0,1,2,3,4,5}","{2}","18","18","成立"
"Z₆（6元、可換）","{0,2,4}","{0,1,2,3,4,5}","{0,2}","36","36","成立"
"Z₆（6元、可換）","{0,2,4}","{0,1,2,3,4,5}","{1,2}","36","36","成立"
"Z₆（6元、可換）","{0,2,4}","{0,1,2,3,4,5}","{0,1,2}","54","54","成立"
"Z₆（6元、可換）","{0,2,4}","{0,1,2,3,4,5}","{3}","18","18","成立"
"Z₆（6元、可換）","{0,2,4}","{0,1,2,3,4,5}","{0,3}","36","36","成立"
"Z₆（6元、可換）","{0,2,4}","{0,1,2,3,4,5}","{1,3}","36","36","成立"
"Z₆（6元、可換）","{0,2,4}","{0,1,2,3,4,5}","{0,1,3}","54","54","成立"
"Z₆（6元、可換）","{0,2,4}","{0,1,2,3,4,5}","{2,3}","36","36","成立"
"Z₆（6元、可換）","{0,2,4}","{0,1,2,3,4,5}","{0,2,3}","54","54","成立"
"Z₆（6元、可換）","{0,2,4}","{0,1,2,3,4,5}","{1,2,3}","54","54","成立"
"Z₆（6元、可換）","{0,2,4}","{0,1,2,3,4,5}","{0,1,2,3}","72","72","成立"
"Z₆（6元、可換）","{0,2,4}","{0,1,2,3,4,5}","{4}","18","18","成立"
"Z₆（6元、可換）","{0,2,4}","{0,1,2,3,4,5}","{0,4}","36","36","成立"
"Z₆（6元、可換）","{0,2,4}","{0,1,2,3,4,5}","{1,4}","36","36","成立"
"Z₆（6元、可換）","{0,2,4}","{0,1,2,3,4,5}","{0,1,4}","54","54","成立"
"Z₆（6元、可換）","{0,2,4}","{0,1,2,3,4,5}","{2,4}","36","36","成立"
"Z₆（6元、可換）","{0,2,4}","{0,1,2,3,4,5}","{0,2,4}","54","54","成立"
"Z₆（6元、可換）","{0,2,4}","{0,1,2,3,4,5}","{1,2,4}","54","54","成立"
"Z₆（6元、可換）","{0,2,4}","{0,1,2,3,4,5}","{0,1,2,4}","72","72","成立"
"Z₆（6元、可換）","{0,2,4}","{0,1,2,3,4,5}","{3,4}","36","36","成立"
"Z₆（6元、可換）","{0,2,4}","{0,1,2,3,4,5}","{0,3,4}","54","54","成立"
"Z₆（6元、可換）","{0,2,4}","{0,1,2,3,4,5}","{1,3,4}","54","54","成立"
"Z₆（6元、可換）","{0,2,4}","{0,1,2,3,4,5}","{0,1,3,4}","72","72","成立"
"Z₆（6元、可換）","{0,2,4}","{0,1,2,3,4,5}","{2,3,4}","54","54","成立"
"Z₆（6元、可換）","{0,2,4}","{0,1,2,3,4,5}","{0,2,3,4}","72","72","成立"
"Z₆（6元、可換）","{0,2,4}","{0,1,2,3,4,5}","{1,2,3,4}","72","72","成立"
"Z₆（6元、可換）","{0,2,4}","{0,1,2,3,4,5}","{0,1,2,3,4}","90","90","成立"
"Z₆（6元、可換）","{0,2,4}","{0,1,2,3,4,5}","{5}","18","18","成立"
"Z₆（6元、可換）","{0,2,4}","{0,1,2,3,4,5}","{0,5}","36","36","成立"
"Z₆（6元、可換）","{0,2,4}","{0,1,2,3,4,5}","{1,5}","36","36","成立"
"Z₆（6元、可換）","{0,2,4}","{0,1,2,3,4,5}","{0,1,5}","54","54","成立"
"Z₆（6元、可換）","{0,2,4}","{0,1,2,3,4,5}","{2,5}","36","36","成立"
"Z₆（6元、可換）","{0,2,4}","{0,1,2,3,4,5}","{0,2,5}","54","54","成立"
"Z₆（6元、可換）","{0,2,4}","{0,1,2,3,4,5}","{1,2,5}","54","54","成立"
"Z₆（6元、可換）","{0,2,4}","{0,1,2,3,4,5}","{0,1,2,5}","72","72","成立"
"Z₆（6元、可換）","{0,2,4}","{0,1,2,3,4,5}","{3,5}","36","36","成立"
"Z₆（6元、可換）","{0,2,4}","{0,1,2,3,4,5}","{0,3,5}","54","54","成立"
"Z₆（6元、可換）","{0,2,4}","{0,1,2,3,4,5}","{1,3,5}","54","54","成立"
"Z₆（6元、可換）","{0,2,4}","{0,1,2,3,4,5}","{0,1,3,5}","72","72","成立"
"Z₆（6元、可換）","{0,2,4}","{0,1,2,3,4,5}","{2,3,5}","54","54","成立"
"Z₆（6元、可換）","{0,2,4}","{0,1,2,3,4,5}","{0,2,3,5}","72","72","成立"
"Z₆（6元、可換）","{0,2,4}","{0,1,2,3,4,5}","{1,2,3,5}","72","72","成立"
"Z₆（6元、可換）","{0,2,4}","{0,1,2,3,4,5}","{0,1,2,3,5}","90","90","成立"
"Z₆（6元、可換）","{0,2,4}","{0,1,2,3,4,5}","{4,5}","36","36","成立"
"Z₆（6元、可換）","{0,2,4}","{0,1,2,3,4,5}","{0,4,5}","54","54","成立"
"Z₆（6元、可換）","{0,2,4}","{0,1,2,3,4,5}","{1,4,5}","54","54","成立"
"Z₆（6元、可換）","{0,2,4}","{0,1,2,3,4,5}","{0,1,4,5}","72","72","成立"
"Z₆（6元、可換）","{0,2,4}","{0,1,2,3,4,5}","{2,4,5}","54","54","成立"
"Z₆（6元、可換）","{0,2,4}","{0,1,2,3,4,5}","{0,2,4,5}","72","72","成立"
"Z₆（6元、可換）","{0,2,4}","{0,1,2,3,4,5}","{1,2,4,5}","72","72","成立"
"Z₆（6元、可換）","{0,2,4}","{0,1,2,3,4,5}","{0,1,2,4,5}","90","90","成立"
"Z₆（6元、可換）","{0,2,4}","{0,1,2,3,4,5}","{3,4,5}","54","54","成立"
"Z₆（6元、可換）","{0,2,4}","{0,1,2,3,4,5}","{0,3,4,5}","72","72","成立"
"Z₆（6元、可換）","{0,2,4}","{0,1,2,3,4,5}","{1,3,4,5}","72","72","成立"
"Z₆（6元、可換）","{0,2,4}","{0,1,2,3,4,5}","{0,1,3,4,5}","90","90","成立"
"Z₆（6元、可換）","{0,2,4}","{0,1,2,3,4,5}","{2,3,4,5}","72","72","成立"
"Z₆（6元、可換）","{0,2,4}","{0,1,2,3,4,5}","{0,2,3,4,5}","90","90","成立"
"Z₆（6元、可換）","{0,2,4}","{0,1,2,3,4,5}","{1,2,3,4,5}","90","90","成立"
"Z₆（6元、可換）","{0,2,4}","{0,1,2,3,4,5}","{0,1,2,3,4,5}","108","108","成立"
"Z₆（6元、可換）","{0,1,2,3,4,5}","{0}","{0}","6","6","成立"
"Z₆（6元、可換）","{0,1,2,3,4,5}","{0}","{1}","6","6","成立"
"Z₆（6元、可換）","{0,1,2,3,4,5}","{0}","{0,1}","12","12","成立"
"Z₆（6元、可換）","{0,1,2,3,4,5}","{0}","{2}","6","6","成立"
"Z₆（6元、可換）","{0,1,2,3,4,5}","{0}","{0,2}","12","12","成立"
"Z₆（6元、可換）","{0,1,2,3,4,5}","{0}","{1,2}","12","12","成立"
"Z₆（6元、可換）","{0,1,2,3,4,5}","{0}","{0,1,2}","18","18","成立"
"Z₆（6元、可換）","{0,1,2,3,4,5}","{0}","{3}","6","6","成立"
"Z₆（6元、可換）","{0,1,2,3,4,5}","{0}","{0,3}","12","12","成立"
"Z₆（6元、可換）","{0,1,2,3,4,5}","{0}","{1,3}","12","12","成立"
"Z₆（6元、可換）","{0,1,2,3,4,5}","{0}","{0,1,3}","18","18","成立"
"Z₆（6元、可換）","{0,1,2,3,4,5}","{0}","{2,3}","12","12","成立"
"Z₆（6元、可換）","{0,1,2,3,4,5}","{0}","{0,2,3}","18","18","成立"
"Z₆（6元、可換）","{0,1,2,3,4,5}","{0}","{1,2,3}","18","18","成立"
"Z₆（6元、可換）","{0,1,2,3,4,5}","{0}","{0,1,2,3}","24","24","成立"
"Z₆（6元、可換）","{0,1,2,3,4,5}","{0}","{4}","6","6","成立"
"Z₆（6元、可換）","{0,1,2,3,4,5}","{0}","{0,4}","12","12","成立"
"Z₆（6元、可換）","{0,1,2,3,4,5}","{0}","{1,4}","12","12","成立"
"Z₆（6元、可換）","{0,1,2,3,4,5}","{0}","{0,1,4}","18","18","成立"
"Z₆（6元、可換）","{0,1,2,3,4,5}","{0}","{2,4}","12","12","成立"
"Z₆（6元、可換）","{0,1,2,3,4,5}","{0}","{0,2,4}","18","18","成立"
"Z₆（6元、可換）","{0,1,2,3,4,5}","{0}","{1,2,4}","18","18","成立"
"Z₆（6元、可換）","{0,1,2,3,4,5}","{0}","{0,1,2,4}","24","24","成立"
"Z₆（6元、可換）","{0,1,2,3,4,5}","{0}","{3,4}","12","12","成立"
"Z₆（6元、可換）","{0,1,2,3,4,5}","{0}","{0,3,4}","18","18","成立"
"Z₆（6元、可換）","{0,1,2,3,4,5}","{0}","{1,3,4}","18","18","成立"
"Z₆（6元、可換）","{0,1,2,3,4,5}","{0}","{0,1,3,4}","24","24","成立"
"Z₆（6元、可換）","{0,1,2,3,4,5}","{0}","{2,3,4}","18","18","成立"
"Z₆（6元、可換）","{0,1,2,3,4,5}","{0}","{0,2,3,4}","24","24","成立"
"Z₆（6元、可換）","{0,1,2,3,4,5}","{0}","{1,2,3,4}","24","24","成立"
"Z₆（6元、可換）","{0,1,2,3,4,5}","{0}","{0,1,2,3,4}","30","30","成立"
"Z₆（6元、可換）","{0,1,2,3,4,5}","{0}","{5}","6","6","成立"
"Z₆（6元、可換）","{0,1,2,3,4,5}","{0}","{0,5}","12","12","成立"
"Z₆（6元、可換）","{0,1,2,3,4,5}","{0}","{1,5}","12","12","成立"
"Z₆（6元、可換）","{0,1,2,3,4,5}","{0}","{0,1,5}","18","18","成立"
"Z₆（6元、可換）","{0,1,2,3,4,5}","{0}","{2,5}","12","12","成立"
"Z₆（6元、可換）","{0,1,2,3,4,5}","{0}","{0,2,5}","18","18","成立"
"Z₆（6元、可換）","{0,1,2,3,4,5}","{0}","{1,2,5}","18","18","成立"
"Z₆（6元、可換）","{0,1,2,3,4,5}","{0}","{0,1,2,5}","24","24","成立"
"Z₆（6元、可換）","{0,1,2,3,4,5}","{0}","{3,5}","12","12","成立"
"Z₆（6元、可換）","{0,1,2,3,4,5}","{0}","{0,3,5}","18","18","成立"
"Z₆（6元、可換）","{0,1,2,3,4,5}","{0}","{1,3,5}","18","18","成立"
"Z₆（6元、可換）","{0,1,2,3,4,5}","{0}","{0,1,3,5}","24","24","成立"
"Z₆（6元、可換）","{0,1,2,3,4,5}","{0}","{2,3,5}","18","18","成立"
"Z₆（6元、可換）","{0,1,2,3,4,5}","{0}","{0,2,3,5}","24","24","成立"
"Z₆（6元、可換）","{0,1,2,3,4,5}","{0}","{1,2,3,5}","24","24","成立"
"Z₆（6元、可換）","{0,1,2,3,4,5}","{0}","{0,1,2,3,5}","30","30","成立"
"Z₆（6元、可換）","{0,1,2,3,4,5}","{0}","{4,5}","12","12","成立"
"Z₆（6元、可換）","{0,1,2,3,4,5}","{0}","{0,4,5}","18","18","成立"
"Z₆（6元、可換）","{0,1,2,3,4,5}","{0}","{1,4,5}","18","18","成立"
"Z₆（6元、可換）","{0,1,2,3,4,5}","{0}","{0,1,4,5}","24","24","成立"
"Z₆（6元、可換）","{0,1,2,3,4,5}","{0}","{2,4,5}","18","18","成立"
"Z₆（6元、可換）","{0,1,2,3,4,5}","{0}","{0,2,4,5}","24","24","成立"
"Z₆（6元、可換）","{0,1,2,3,4,5}","{0}","{1,2,4,5}","24","24","成立"
"Z₆（6元、可換）","{0,1,2,3,4,5}","{0}","{0,1,2,4,5}","30","30","成立"
"Z₆（6元、可換）","{0,1,2,3,4,5}","{0}","{3,4,5}","18","18","成立"
"Z₆（6元、可換）","{0,1,2,3,4,5}","{0}","{0,3,4,5}","24","24","成立"
"Z₆（6元、可換）","{0,1,2,3,4,5}","{0}","{1,3,4,5}","24","24","成立"
"Z₆（6元、可換）","{0,1,2,3,4,5}","{0}","{0,1,3,4,5}","30","30","成立"
"Z₆（6元、可換）","{0,1,2,3,4,5}","{0}","{2,3,4,5}","24","24","成立"
"Z₆（6元、可換）","{0,1,2,3,4,5}","{0}","{0,2,3,4,5}","30","30","成立"
"Z₆（6元、可換）","{0,1,2,3,4,5}","{0}","{1,2,3,4,5}","30","30","成立"
"Z₆（6元、可換）","{0,1,2,3,4,5}","{0}","{0,1,2,3,4,5}","36","36","成立"
"Z₆（6元、可換）","{0,1,2,3,4,5}","{0,3}","{0}","12","12","成立"
"Z₆（6元、可換）","{0,1,2,3,4,5}","{0,3}","{1}","12","12","成立"
"Z₆（6元、可換）","{0,1,2,3,4,5}","{0,3}","{0,1}","24","24","成立"
"Z₆（6元、可換）","{0,1,2,3,4,5}","{0,3}","{2}","12","12","成立"
"Z₆（6元、可換）","{0,1,2,3,4,5}","{0,3}","{0,2}","24","24","成立"
"Z₆（6元、可換）","{0,1,2,3,4,5}","{0,3}","{1,2}","24","24","成立"
"Z₆（6元、可換）","{0,1,2,3,4,5}","{0,3}","{0,1,2}","36","36","成立"
"Z₆（6元、可換）","{0,1,2,3,4,5}","{0,3}","{3}","12","12","成立"
"Z₆（6元、可換）","{0,1,2,3,4,5}","{0,3}","{0,3}","24","24","成立"
"Z₆（6元、可換）","{0,1,2,3,4,5}","{0,3}","{1,3}","24","24","成立"
"Z₆（6元、可換）","{0,1,2,3,4,5}","{0,3}","{0,1,3}","36","36","成立"
"Z₆（6元、可換）","{0,1,2,3,4,5}","{0,3}","{2,3}","24","24","成立"
"Z₆（6元、可換）","{0,1,2,3,4,5}","{0,3}","{0,2,3}","36","36","成立"
"Z₆（6元、可換）","{0,1,2,3,4,5}","{0,3}","{1,2,3}","36","36","成立"
"Z₆（6元、可換）","{0,1,2,3,4,5}","{0,3}","{0,1,2,3}","48","48","成立"
"Z₆（6元、可換）","{0,1,2,3,4,5}","{0,3}","{4}","12","12","成立"
"Z₆（6元、可換）","{0,1,2,3,4,5}","{0,3}","{0,4}","24","24","成立"
"Z₆（6元、可換）","{0,1,2,3,4,5}","{0,3}","{1,4}","24","24","成立"
"Z₆（6元、可換）","{0,1,2,3,4,5}","{0,3}","{0,1,4}","36","36","成立"
"Z₆（6元、可換）","{0,1,2,3,4,5}","{0,3}","{2,4}","24","24","成立"
"Z₆（6元、可換）","{0,1,2,3,4,5}","{0,3}","{0,2,4}","36","36","成立"
"Z₆（6元、可換）","{0,1,2,3,4,5}","{0,3}","{1,2,4}","36","36","成立"
"Z₆（6元、可換）","{0,1,2,3,4,5}","{0,3}","{0,1,2,4}","48","48","成立"
"Z₆（6元、可換）","{0,1,2,3,4,5}","{0,3}","{3,4}","24","24","成立"
"Z₆（6元、可換）","{0,1,2,3,4,5}","{0,3}","{0,3,4}","36","36","成立"
"Z₆（6元、可換）","{0,1,2,3,4,5}","{0,3}","{1,3,4}","36","36","成立"
"Z₆（6元、可換）","{0,1,2,3,4,5}","{0,3}","{0,1,3,4}","48","48","成立"
"Z₆（6元、可換）","{0,1,2,3,4,5}","{0,3}","{2,3,4}","36","36","成立"
"Z₆（6元、可換）","{0,1,2,3,4,5}","{0,3}","{0,2,3,4}","48","48","成立"
"Z₆（6元、可換）","{0,1,2,3,4,5}","{0,3}","{1,2,3,4}","48","48","成立"
"Z₆（6元、可換）","{0,1,2,3,4,5}","{0,3}","{0,1,2,3,4}","60","60","成立"
"Z₆（6元、可換）","{0,1,2,3,4,5}","{0,3}","{5}","12","12","成立"
"Z₆（6元、可換）","{0,1,2,3,4,5}","{0,3}","{0,5}","24","24","成立"
"Z₆（6元、可換）","{0,1,2,3,4,5}","{0,3}","{1,5}","24","24","成立"
"Z₆（6元、可換）","{0,1,2,3,4,5}","{0,3}","{0,1,5}","36","36","成立"
"Z₆（6元、可換）","{0,1,2,3,4,5}","{0,3}","{2,5}","24","24","成立"
"Z₆（6元、可換）","{0,1,2,3,4,5}","{0,3}","{0,2,5}","36","36","成立"
"Z₆（6元、可換）","{0,1,2,3,4,5}","{0,3}","{1,2,5}","36","36","成立"
"Z₆（6元、可換）","{0,1,2,3,4,5}","{0,3}","{0,1,2,5}","48","48","成立"
"Z₆（6元、可換）","{0,1,2,3,4,5}","{0,3}","{3,5}","24","24","成立"
"Z₆（6元、可換）","{0,1,2,3,4,5}","{0,3}","{0,3,5}","36","36","成立"
"Z₆（6元、可換）","{0,1,2,3,4,5}","{0,3}","{1,3,5}","36","36","成立"
"Z₆（6元、可換）","{0,1,2,3,4,5}","{0,3}","{0,1,3,5}","48","48","成立"
"Z₆（6元、可換）","{0,1,2,3,4,5}","{0,3}","{2,3,5}","36","36","成立"
"Z₆（6元、可換）","{0,1,2,3,4,5}","{0,3}","{0,2,3,5}","48","48","成立"
"Z₆（6元、可換）","{0,1,2,3,4,5}","{0,3}","{1,2,3,5}","48","48","成立"
"Z₆（6元、可換）","{0,1,2,3,4,5}","{0,3}","{0,1,2,3,5}","60","60","成立"
"Z₆（6元、可換）","{0,1,2,3,4,5}","{0,3}","{4,5}","24","24","成立"
"Z₆（6元、可換）","{0,1,2,3,4,5}","{0,3}","{0,4,5}","36","36","成立"
"Z₆（6元、可換）","{0,1,2,3,4,5}","{0,3}","{1,4,5}","36","36","成立"
"Z₆（6元、可換）","{0,1,2,3,4,5}","{0,3}","{0,1,4,5}","48","48","成立"
"Z₆（6元、可換）","{0,1,2,3,4,5}","{0,3}","{2,4,5}","36","36","成立"
"Z₆（6元、可換）","{0,1,2,3,4,5}","{0,3}","{0,2,4,5}","48","48","成立"
"Z₆（6元、可換）","{0,1,2,3,4,5}","{0,3}","{1,2,4,5}","48","48","成立"
"Z₆（6元、可換）","{0,1,2,3,4,5}","{0,3}","{0,1,2,4,5}","60","60","成立"
"Z₆（6元、可換）","{0,1,2,3,4,5}","{0,3}","{3,4,5}","36","36","成立"
"Z₆（6元、可換）","{0,1,2,3,4,5}","{0,3}","{0,3,4,5}","48","48","成立"
"Z₆（6元、可換）","{0,1,2,3,4,5}","{0,3}","{1,3,4,5}","48","48","成立"
"Z₆（6元、可換）","{0,1,2,3,4,5}","{0,3}","{0,1,3,4,5}","60","60","成立"
"Z₆（6元、可換）","{0,1,2,3,4,5}","{0,3}","{2,3,4,5}","48","48","成立"
"Z₆（6元、可換）","{0,1,2,3,4,5}","{0,3}","{0,2,3,4,5}","60","60","成立"
"Z₆（6元、可換）","{0,1,2,3,4,5}","{0,3}","{1,2,3,4,5}","60","60","成立"
"Z₆（6元、可換）","{0,1,2,3,4,5}","{0,3}","{0,1,2,3,4,5}","72","72","成立"
"Z₆（6元、可換）","{0,1,2,3,4,5}","{0,2,4}","{0}","18","18","成立"
"Z₆（6元、可換）","{0,1,2,3,4,5}","{0,2,4}","{1}","18","18","成立"
"Z₆（6元、可換）","{0,1,2,3,4,5}","{0,2,4}","{0,1}","36","36","成立"
"Z₆（6元、可換）","{0,1,2,3,4,5}","{0,2,4}","{2}","18","18","成立"
"Z₆（6元、可換）","{0,1,2,3,4,5}","{0,2,4}","{0,2}","36","36","成立"
"Z₆（6元、可換）","{0,1,2,3,4,5}","{0,2,4}","{1,2}","36","36","成立"
"Z₆（6元、可換）","{0,1,2,3,4,5}","{0,2,4}","{0,1,2}","54","54","成立"
"Z₆（6元、可換）","{0,1,2,3,4,5}","{0,2,4}","{3}","18","18","成立"
"Z₆（6元、可換）","{0,1,2,3,4,5}","{0,2,4}","{0,3}","36","36","成立"
"Z₆（6元、可換）","{0,1,2,3,4,5}","{0,2,4}","{1,3}","36","36","成立"
"Z₆（6元、可換）","{0,1,2,3,4,5}","{0,2,4}","{0,1,3}","54","54","成立"
"Z₆（6元、可換）","{0,1,2,3,4,5}","{0,2,4}","{2,3}","36","36","成立"
"Z₆（6元、可換）","{0,1,2,3,4,5}","{0,2,4}","{0,2,3}","54","54","成立"
"Z₆（6元、可換）","{0,1,2,3,4,5}","{0,2,4}","{1,2,3}","54","54","成立"
"Z₆（6元、可換）","{0,1,2,3,4,5}","{0,2,4}","{0,1,2,3}","72","72","成立"
"Z₆（6元、可換）","{0,1,2,3,4,5}","{0,2,4}","{4}","18","18","成立"
"Z₆（6元、可換）","{0,1,2,3,4,5}","{0,2,4}","{0,4}","36","36","成立"
"Z₆（6元、可換）","{0,1,2,3,4,5}","{0,2,4}","{1,4}","36","36","成立"
"Z₆（6元、可換）","{0,1,2,3,4,5}","{0,2,4}","{0,1,4}","54","54","成立"
"Z₆（6元、可換）","{0,1,2,3,4,5}","{0,2,4}","{2,4}","36","36","成立"
"Z₆（6元、可換）","{0,1,2,3,4,5}","{0,2,4}","{0,2,4}","54","54","成立"
"Z₆（6元、可換）","{0,1,2,3,4,5}","{0,2,4}","{1,2,4}","54","54","成立"
"Z₆（6元、可換）","{0,1,2,3,4,5}","{0,2,4}","{0,1,2,4}","72","72","成立"
"Z₆（6元、可換）","{0,1,2,3,4,5}","{0,2,4}","{3,4}","36","36","成立"
"Z₆（6元、可換）","{0,1,2,3,4,5}","{0,2,4}","{0,3,4}","54","54","成立"
"Z₆（6元、可換）","{0,1,2,3,4,5}","{0,2,4}","{1,3,4}","54","54","成立"
"Z₆（6元、可換）","{0,1,2,3,4,5}","{0,2,4}","{0,1,3,4}","72","72","成立"
"Z₆（6元、可換）","{0,1,2,3,4,5}","{0,2,4}","{2,3,4}","54","54","成立"
"Z₆（6元、可換）","{0,1,2,3,4,5}","{0,2,4}","{0,2,3,4}","72","72","成立"
"Z₆（6元、可換）","{0,1,2,3,4,5}","{0,2,4}","{1,2,3,4}","72","72","成立"
"Z₆（6元、可換）","{0,1,2,3,4,5}","{0,2,4}","{0,1,2,3,4}","90","90","成立"
"Z₆（6元、可換）","{0,1,2,3,4,5}","{0,2,4}","{5}","18","18","成立"
"Z₆（6元、可換）","{0,1,2,3,4,5}","{0,2,4}","{0,5}","36","36","成立"
"Z₆（6元、可換）","{0,1,2,3,4,5}","{0,2,4}","{1,5}","36","36","成立"
"Z₆（6元、可換）","{0,1,2,3,4,5}","{0,2,4}","{0,1,5}","54","54","成立"
"Z₆（6元、可換）","{0,1,2,3,4,5}","{0,2,4}","{2,5}","36","36","成立"
"Z₆（6元、可換）","{0,1,2,3,4,5}","{0,2,4}","{0,2,5}","54","54","成立"
"Z₆（6元、可換）","{0,1,2,3,4,5}","{0,2,4}","{1,2,5}","54","54","成立"
"Z₆（6元、可換）","{0,1,2,3,4,5}","{0,2,4}","{0,1,2,5}","72","72","成立"
"Z₆（6元、可換）","{0,1,2,3,4,5}","{0,2,4}","{3,5}","36","36","成立"
"Z₆（6元、可換）","{0,1,2,3,4,5}","{0,2,4}","{0,3,5}","54","54","成立"
"Z₆（6元、可換）","{0,1,2,3,4,5}","{0,2,4}","{1,3,5}","54","54","成立"
"Z₆（6元、可換）","{0,1,2,3,4,5}","{0,2,4}","{0,1,3,5}","72","72","成立"
"Z₆（6元、可換）","{0,1,2,3,4,5}","{0,2,4}","{2,3,5}","54","54","成立"
"Z₆（6元、可換）","{0,1,2,3,4,5}","{0,2,4}","{0,2,3,5}","72","72","成立"
"Z₆（6元、可換）","{0,1,2,3,4,5}","{0,2,4}","{1,2,3,5}","72","72","成立"
"Z₆（6元、可換）","{0,1,2,3,4,5}","{0,2,4}","{0,1,2,3,5}","90","90","成立"
"Z₆（6元、可換）","{0,1,2,3,4,5}","{0,2,4}","{4,5}","36","36","成立"
"Z₆（6元、可換）","{0,1,2,3,4,5}","{0,2,4}","{0,4,5}","54","54","成立"
"Z₆（6元、可換）","{0,1,2,3,4,5}","{0,2,4}","{1,4,5}","54","54","成立"
"Z₆（6元、可換）","{0,1,2,3,4,5}","{0,2,4}","{0,1,4,5}","72","72","成立"
"Z₆（6元、可換）","{0,1,2,3,4,5}","{0,2,4}","{2,4,5}","54","54","成立"
"Z₆（6元、可換）","{0,1,2,3,4,5}","{0,2,4}","{0,2,4,5}","72","72","成立"
"Z₆（6元、可換）","{0,1,2,3,4,5}","{0,2,4}","{1,2,4,5}","72","72","成立"
"Z₆（6元、可換）","{0,1,2,3,4,5}","{0,2,4}","{0,1,2,4,5}","90","90","成立"
"Z₆（6元、可換）","{0,1,2,3,4,5}","{0,2,4}","{3,4,5}","54","54","成立"
"Z₆（6元、可換）","{0,1,2,3,4,5}","{0,2,4}","{0,3,4,5}","72","72","成立"
"Z₆（6元、可換）","{0,1,2,3,4,5}","{0,2,4}","{1,3,4,5}","72","72","成立"
"Z₆（6元、可換）","{0,1,2,3,4,5}","{0,2,4}","{0,1,3,4,5}","90","90","成立"
"Z₆（6元、可換）","{0,1,2,3,4,5}","{0,2,4}","{2,3,4,5}","72","72","成立"
"Z₆（6元、可換）","{0,1,2,3,4,5}","{0,2,4}","{0,2,3,4,5}","90","90","成立"
"Z₆（6元、可換）","{0,1,2,3,4,5}","{0,2,4}","{1,2,3,4,5}","90","90","成立"
"Z₆（6元、可換）","{0,1,2,3,4,5}","{0,2,4}","{0,1,2,3,4,5}","108","108","成立"
"Z₆（6元、可換）","{0,1,2,3,4,5}","{0,1,2,3,4,5}","{0}","36","36","成立"
"Z₆（6元、可換）","{0,1,2,3,4,5}","{0,1,2,3,4,5}","{1}","36","36","成立"
"Z₆（6元、可換）","{0,1,2,3,4,5}","{0,1,2,3,4,5}","{0,1}","72","72","成立"
"Z₆（6元、可換）","{0,1,2,3,4,5}","{0,1,2,3,4,5}","{2}","36","36","成立"
"Z₆（6元、可換）","{0,1,2,3,4,5}","{0,1,2,3,4,5}","{0,2}","72","72","成立"
"Z₆（6元、可換）","{0,1,2,3,4,5}","{0,1,2,3,4,5}","{1,2}","72","72","成立"
"Z₆（6元、可換）","{0,1,2,3,4,5}","{0,1,2,3,4,5}","{0,1,2}","108","108","成立"
"Z₆（6元、可換）","{0,1,2,3,4,5}","{0,1,2,3,4,5}","{3}","36","36","成立"
"Z₆（6元、可換）","{0,1,2,3,4,5}","{0,1,2,3,4,5}","{0,3}","72","72","成立"
"Z₆（6元、可換）","{0,1,2,3,4,5}","{0,1,2,3,4,5}","{1,3}","72","72","成立"
"Z₆（6元、可換）","{0,1,2,3,4,5}","{0,1,2,3,4,5}","{0,1,3}","108","108","成立"
"Z₆（6元、可換）","{0,1,2,3,4,5}","{0,1,2,3,4,5}","{2,3}","72","72","成立"
"Z₆（6元、可換）","{0,1,2,3,4,5}","{0,1,2,3,4,5}","{0,2,3}","108","108","成立"
"Z₆（6元、可換）","{0,1,2,3,4,5}","{0,1,2,3,4,5}","{1,2,3}","108","108","成立"
"Z₆（6元、可換）","{0,1,2,3,4,5}","{0,1,2,3,4,5}","{0,1,2,3}","144","144","成立"
"Z₆（6元、可換）","{0,1,2,3,4,5}","{0,1,2,3,4,5}","{4}","36","36","成立"
"Z₆（6元、可換）","{0,1,2,3,4,5}","{0,1,2,3,4,5}","{0,4}","72","72","成立"
"Z₆（6元、可換）","{0,1,2,3,4,5}","{0,1,2,3,4,5}","{1,4}","72","72","成立"
"Z₆（6元、可換）","{0,1,2,3,4,5}","{0,1,2,3,4,5}","{0,1,4}","108","108","成立"
"Z₆（6元、可換）","{0,1,2,3,4,5}","{0,1,2,3,4,5}","{2,4}","72","72","成立"
"Z₆（6元、可換）","{0,1,2,3,4,5}","{0,1,2,3,4,5}","{0,2,4}","108","108","成立"
"Z₆（6元、可換）","{0,1,2,3,4,5}","{0,1,2,3,4,5}","{1,2,4}","108","108","成立"
"Z₆（6元、可換）","{0,1,2,3,4,5}","{0,1,2,3,4,5}","{0,1,2,4}","144","144","成立"
"Z₆（6元、可換）","{0,1,2,3,4,5}","{0,1,2,3,4,5}","{3,4}","72","72","成立"
"Z₆（6元、可換）","{0,1,2,3,4,5}","{0,1,2,3,4,5}","{0,3,4}","108","108","成立"
"Z₆（6元、可換）","{0,1,2,3,4,5}","{0,1,2,3,4,5}","{1,3,4}","108","108","成立"
"Z₆（6元、可換）","{0,1,2,3,4,5}","{0,1,2,3,4,5}","{0,1,3,4}","144","144","成立"
"Z₆（6元、可換）","{0,1,2,3,4,5}","{0,1,2,3,4,5}","{2,3,4}","108","108","成立"
"Z₆（6元、可換）","{0,1,2,3,4,5}","{0,1,2,3,4,5}","{0,2,3,4}","144","144","成立"
"Z₆（6元、可換）","{0,1,2,3,4,5}","{0,1,2,3,4,5}","{1,2,3,4}","144","144","成立"
"Z₆（6元、可換）","{0,1,2,3,4,5}","{0,1,2,3,4,5}","{0,1,2,3,4}","180","180","成立"
"Z₆（6元、可換）","{0,1,2,3,4,5}","{0,1,2,3,4,5}","{5}","36","36","成立"
"Z₆（6元、可換）","{0,1,2,3,4,5}","{0,1,2,3,4,5}","{0,5}","72","72","成立"
"Z₆（6元、可換）","{0,1,2,3,4,5}","{0,1,2,3,4,5}","{1,5}","72","72","成立"
"Z₆（6元、可換）","{0,1,2,3,4,5}","{0,1,2,3,4,5}","{0,1,5}","108","108","成立"
"Z₆（6元、可換）","{0,1,2,3,4,5}","{0,1,2,3,4,5}","{2,5}","72","72","成立"
"Z₆（6元、可換）","{0,1,2,3,4,5}","{0,1,2,3,4,5}","{0,2,5}","108","108","成立"
"Z₆（6元、可換）","{0,1,2,3,4,5}","{0,1,2,3,4,5}","{1,2,5}","108","108","成立"
"Z₆（6元、可換）","{0,1,2,3,4,5}","{0,1,2,3,4,5}","{0,1,2,5}","144","144","成立"
"Z₆（6元、可換）","{0,1,2,3,4,5}","{0,1,2,3,4,5}","{3,5}","72","72","成立"
"Z₆（6元、可換）","{0,1,2,3,4,5}","{0,1,2,3,4,5}","{0,3,5}","108","108","成立"
"Z₆（6元、可換）","{0,1,2,3,4,5}","{0,1,2,3,4,5}","{1,3,5}","108","108","成立"
"Z₆（6元、可換）","{0,1,2,3,4,5}","{0,1,2,3,4,5}","{0,1,3,5}","144","144","成立"
"Z₆（6元、可換）","{0,1,2,3,4,5}","{0,1,2,3,4,5}","{2,3,5}","108","108","成立"
"Z₆（6元、可換）","{0,1,2,3,4,5}","{0,1,2,3,4,5}","{0,2,3,5}","144","144","成立"
"Z₆（6元、可換）","{0,1,2,3,4,5}","{0,1,2,3,4,5}","{1,2,3,5}","144","144","成立"
"Z₆（6元、可換）","{0,1,2,3,4,5}","{0,1,2,3,4,5}","{0,1,2,3,5}","180","180","成立"
"Z₆（6元、可換）","{0,1,2,3,4,5}","{0,1,2,3,4,5}","{4,5}","72","72","成立"
"Z₆（6元、可換）","{0,1,2,3,4,5}","{0,1,2,3,4,5}","{0,4,5}","108","108","成立"
"Z₆（6元、可換）","{0,1,2,3,4,5}","{0,1,2,3,4,5}","{1,4,5}","108","108","成立"
"Z₆（6元、可換）","{0,1,2,3,4,5}","{0,1,2,3,4,5}","{0,1,4,5}","144","144","成立"
"Z₆（6元、可換）","{0,1,2,3,4,5}","{0,1,2,3,4,5}","{2,4,5}","108","108","成立"
"Z₆（6元、可換）","{0,1,2,3,4,5}","{0,1,2,3,4,5}","{0,2,4,5}","144","144","成立"
"Z₆（6元、可換）","{0,1,2,3,4,5}","{0,1,2,3,4,5}","{1,2,4,5}","144","144","成立"
"Z₆（6元、可換）","{0,1,2,3,4,5}","{0,1,2,3,4,5}","{0,1,2,4,5}","180","180","成立"
"Z₆（6元、可換）","{0,1,2,3,4,5}","{0,1,2,3,4,5}","{3,4,5}","108","108","成立"
"Z₆（6元、可換）","{0,1,2,3,4,5}","{0,1,2,3,4,5}","{0,3,4,5}","144","144","成立"
"Z₆（6元、可換）","{0,1,2,3,4,5}","{0,1,2,3,4,5}","{1,3,4,5}","144","144","成立"
"Z₆（6元、可換）","{0,1,2,3,4,5}","{0,1,2,3,4,5}","{0,1,3,4,5}","180","180","成立"
"Z₆（6元、可換）","{0,1,2,3,4,5}","{0,1,2,3,4,5}","{2,3,4,5}","144","144","成立"
"Z₆（6元、可換）","{0,1,2,3,4,5}","{0,1,2,3,4,5}","{0,2,3,4,5}","180","180","成立"
"Z₆（6元、可換）","{0,1,2,3,4,5}","{0,1,2,3,4,5}","{1,2,3,4,5}","180","180","成立"
"Z₆（6元、可換）","{0,1,2,3,4,5}","{0,1,2,3,4,5}","{0,1,2,3,4,5}","216","216","成立"